,surveyid,dhs_countrycode,surveyyear,surveytype,surveystatus,countryname,surveyyearlabel,surveynum,indicatordata,regionname,subregionname,publicationdate,releasedate,surveycharacteristicids,footnotes,fieldworkstart,fieldworkend,implementingorg,numberofsamplepoints,numberofhouseholds,universeofwomen,numberofwomen,minagewomen,maxagewomen,universeofmen,numberofmen,minagemen,maxagemen,numberoffacilities
0,AF2015DHS,AF,2015,DHS,Completed,Afghanistan,2015,471,1,South & Southeast Asia,South Asia,2017-01-01,2017-02-15,"92, 39, 6, 1, 101, 79, 31, 14, 57, 8, 34, 17, 22, 20, 24, 21, 13, 36, 59, 3, 11, 26",,2015-06-01,2016-02-01,Central Statistics Organization (CSO) and Ministry of Public Health (MoPH),950.0,24395.0,Ever Married Women,29461.0,15.0,49.0,Ever Married Men,10760.0,15.0,49.0,
1,AL2008DHS,AL,2008,DHS,Completed,Albania,2008-09,327,1,North Africa/West Asia/Europe,Southern Europe,2010-03-01,2010-03-15,"33, 10, 43, 41, 31, 22, 26, 24, 21, 59, 11, 34, 60, 14, 32, 16, 86, 69, 3, 67, 70, 79, 20, 85, 93",,2008-10-01,2009-04-01,Institute of Statistics (INSTAT) and Institute of Public Health (IShP),450.0,7999.0,All Women,7584.0,15.0,49.0,All Men,3013.0,15.0,49.0,
2,AL2017DHS,AL,2017,DHS,Completed,Albania,2017-18,525,1,North Africa/West Asia/Europe,Southern Europe,2018-10-01,2019-01-11,"70, 93, 33, 41, 10, 43, 11, 34, 5, 60, 67, 31, 68, 22, 79, 63, 32, 38, 69, 24, 21, 14, 59, 17, 36, 85, 6, 3",,2017-09-01,2017-12-01,The National Statistical Institute (INSAT),715.0,15823.0,All Women,10861.0,15.0,49.0,All Men,6142.0,15.0,59.0,
3,AM2000DHS,AM,2000,DHS,Completed,Armenia,2000,203,1,North Africa/West Asia/Europe,West Asia,2001-12-01,2001-12-01,"10, 11, 15, 16, 24, 22, 21, 34, 3, 86, 41, 36, 75, 76, 30, 20, 79, 14, 33, 63, 31, 101",,2000-10-01,2000-12-01,National Statistical Service/MOH,260.0,5980.0,All Women,6430.0,15.0,49.0,All Men,1719.0,15.0,54.0,
4,AM2005DHS,AM,2005,DHS,Completed,Armenia,2005,262,1,North Africa/West Asia/Europe,West Asia,2006-12-01,2006-12-01,"16, 24, 21, 10, 22, 26, 14, 30, 13, 3, 20, 36, 34, 33, 41, 43, 75, 76, 93, 31, 79, 11, 101",,2005-09-01,2005-12-01,"National Statistic Service (NSS), MOH Center for Health Information and Statistics (MOH)",308.0,6707.0,All Women,6566.0,15.0,49.0,All Men,1447.0,15.0,49.0,
5,AM2010DHS,AM,2010,DHS,Completed,Armenia,2010,354,1,North Africa/West Asia/Europe,West Asia,2012-02-01,2012-05-01,"16, 10, 30, 68, 63, 3, 69, 93, 75, 76, 77, 79, 67, 5, 15, 31, 38, 24, 21, 11, 20, 22, 34, 26, 101",,2010-10-01,2010-12-01,The National Statistical Service of The Republic of Armenia and the Ministry of Health ,308.0,6700.0,All Women,5922.0,15.0,49.0,All Men,1584.0,15.0,49.0,
6,AM2016DHS,AM,2016,DHS,Completed,Armenia,2015-16,492,1,North Africa/West Asia/Europe,West Asia,2017-08-01,2017-08-30,"16, 33, 31, 22, 26, 38, 69, 24, 21, 17, 87, 94, 15, 41, 10, 11, 6, 101, 67, 79, 92, 14, 20, 30, 34, 36, 60, 3, 93",,2015-12-01,2016-04-01,National Statistical Service(NSS)and the Ministry of Health (MOH),313.0,7893.0,All Women,6116.0,15.0,49.0,All Men,2755.0,15.0,49.0,
7,AZ2006DHS,AZ,2006,DHS,Completed,Azerbaijan,2006,279,1,North Africa/West Asia/Europe,West Asia,2008-05-01,2008-08-06,"6, 16, 24, 21, 15, 10, 31, 22, 14, 30, 36, 34, 13, 11, 43, 32, 20, 59, 67, 69, 41, 101, 79, 86, 33, 63, 3, 93",,2006-07-01,2006-11-01,State Statistical Committee of Azerbaijan,350.0,7180.0,All Women,8444.0,15.0,49.0,All Men,2558.0,15.0,59.0,
8,BD1994DHS,BD,1994,DHS,Completed,Bangladesh,1993-94,59,1,South & Southeast Asia,South Asia,1994-12-01,1994-12-01,"11, 22, 2, 20, 17, 5, 16, 13, 12, 3, 101","Data collected for women 10-49,  indicators calculated for women 15-49.  A total of 304 primary sampling units were selected, but fieldwork in 3 sample points was not possible.",1993-11-01,1994-03-01,Mitra & Associates/ NIPORT,301.0,9174.0,Ever Married Women,9640.0,10.0,49.0,Husbands,3284.0,,,301.0
9,BD1997DHS,BD,1997,DHS,Completed,Bangladesh,1996-97,89,1,South & Southeast Asia,South Asia,1997-12-01,1997-12-01,"2, 10, 11, 21, 22, 24, 17, 16, 101","Data collected for women 10-49,  indicators calculated for women 15-49",1996-11-01,1997-03-01,Mitra & Associates/ NIPORT,313.0,8682.0,Ever Married Women,9127.0,10.0,49.0,Currently Married Men,3346.0,15.0,59.0,310.0
10,BD2000DHS,BD,2000,DHS,Completed,Bangladesh,1999-00,135,1,South & Southeast Asia,South Asia,2001-05-01,2001-05-01,"10, 11, 21, 22, 26, 5, 3, 17, 86, 16, 20, 101","Data collected for women 10-49,  indicators calculated for women 15-49",1999-11-01,2000-03-01,Mitra & Associates / NIPORT,341.0,9854.0,Ever Married Women,10544.0,10.0,49.0,Currently Married Men,2556.0,15.0,59.0,
11,BD2004DHS,BD,2004,DHS,Completed,Bangladesh,2004,236,1,South & Southeast Asia,South Asia,2005-05-01,2005-05-01,"24, 21, 10, 22, 26, 20, 13, 6, 9, 3, 36, 2, 17, 34, 71, 32, 5, 11, 61, 79, 16, 101","Data collected for women 10-49,  indicators calculated for women 15-49",2004-01-01,2004-05-01,Mitra & Associates,361.0,10500.0,Ever Married Women,11440.0,10.0,49.0,All Men,4297.0,15.0,54.0,
12,BD2007DHS,BD,2007,DHS,Completed,Bangladesh,2007,287,1,South & Southeast Asia,South Asia,2009-03-01,2009-03-24,"11, 22, 21, 36, 24, 34, 26, 20, 13, 60, 5, 10, 6, 2, 16, 79, 33, 3, 101","Data collected for women 10-49, indicators calculated for women 15-49",2007-03-01,2007-08-01,National Institute for Population Research and Training (NIPORT),361.0,10400.0,Ever Married Women,10996.0,15.0,49.0,Ever Married Men,3771.0,15.0,54.0,
13,BD2011DHS,BD,2011,DHS,Completed,Bangladesh,2011,349,1,South & Southeast Asia,South Asia,2013-01-01,2013-02-04,"5, 41, 43, 46, 86, 22, 2, 15, 31, 68, 63, 24, 21, 14, 20, 17, 34, 13, 3, 10, 11, 61, 9, 26, 79, 101",,2011-07-01,2011-12-01,National Institute of Population Research and Training (NIPORT) and Mitra and Associates of Dhaka,600.0,17141.0,Ever Married Women,17842.0,12.0,49.0,Ever Married Men,3997.0,15.0,54.0,
14,BD2014DHS,BD,2014,DHS,Completed,Bangladesh,2014,461,1,South & Southeast Asia,South Asia,2016-03-01,2016-03-23,"16, 2, 101, 31, 20, 22, 17, 13, 5, 3, 79, 10, 26, 24, 21, 107",,2014-06-01,2014-11-01,National Institute of Population Research and Training (NIPORT) and Mitra and Associates of Dhaka,600.0,17300.0,Ever Married Women,17863.0,15.0,49.0,,,,,
15,BD2017DHS,BD,2017,DHS,Completed,Bangladesh,2017-18,536,1,South & Southeast Asia,South Asia,2020-10-01,2020-12-14,"38, 22, 70, 92, 31, 10, 43, 46, 9, 2, 41, 68, 79, 63, 69, 24, 21, 20, 17, 5, 60, 3, 107",,2017-10-01,2018-03-01,Mitra and Associates (MA),672.0,19457.0,Ever Married Women,20127.0,15.0,49.0,,,,,
16,BJ2017DHS,BJ,2017,DHS,Completed,Benin,2017-18,491,1,Sub-Saharan Africa,Western Africa,2019-04-01,2019-04-02,"6, 1, 67, 80, 90, 89, 86, 5, 11, 15, 41, 10, 43, 68, 70, 79, 26, 31, 22, 76, 63, 69, 14, 59, 20, 17, 34, 60, 3, 24, 21, 92",,2017-11-01,2018-02-01,Institut National de la Statistique et de l’Analyse Économique (INSAE),560.0,14156.0,All Women,15928.0,15.0,49.0,All Men,7595.0,15.0,64.0,
17,BO1994DHS,BO,1994,DHS,Completed,Bolivia,1994,65,1,Latin America & Caribbean,South America,1994-10-01,1994-10-01,"2, 21, 22, 24, 1, 10, 61, 14, 101, 79",,1993-11-01,1994-05-01,Instituto Nacional de Estadística (INE),616.0,9114.0,All Women,8603.0,15.0,49.0,,,,,624.0
18,BO1998DHS,BO,1998,DHS,Completed,Bolivia,1998,98,1,Latin America & Caribbean,South America,1998-12-01,1998-12-01,"21, 24, 15, 14, 69, 41, 101, 79, 10, 11, 85",,1998-03-01,1998-09-01,"Instituto Nacional de Estadistica, INE",821.0,12109.0,All Women,11187.0,15.0,49.0,All Men,3780.0,15.0,64.0,
19,BO2003DHS,BO,2003,DHS,Completed,Bolivia,2003,238,1,Latin America & Caribbean,South America,2004-11-01,2004-11-01,"11, 6, 24, 21, 31, 15, 41, 14, 69, 16, 68, 13, 34, 67, 10, 1, 20, 33, 79, 3, 22, 76, 85, 32, 101",,2003-08-01,2004-01-01,"Instituto Nacional de Estadistica, INE",1000.0,19207.0,All Women,17654.0,15.0,49.0,All Men,6230.0,15.0,64.0,
20,BO2008DHS,BO,2008,DHS,Completed,Bolivia,2008,319,1,Latin America & Caribbean,South America,2009-10-01,2009-12-30,"32, 11, 41, 10, 22, 6, 1, 33, 34, 24, 21, 14, 13, 16, 67, 31, 101, 36, 20, 79, 69, 26, 3, 85",,2008-02-01,2008-06-01,"Instituto Nacional de Estadistica, Ministerio de Salud y Deportes, Programa Reforma de Salud e Instituto Nacional de Estadística",1000.0,19564.0,All Women,16939.0,15.0,49.0,All Men,6054.0,15.0,64.0,
21,BR1991DHS,BR,1991,DHS,Completed,Brazil,1991,40,0,Latin America & Caribbean,South America,1992-10-01,1992-10-01,"21, 22, 24, 11, 101, 60, 12",Northeast region,1991-08-01,1991-12-01,Sociedad Civil Bem-Estar Familiar no Brasil (BEMFAM),361.0,6064.0,All Women,6222.0,15.0,49.0,Husbands,1266.0,,,
22,BR1996DHS,BR,1996,DHS,Completed,Brazil,1996,85,1,Latin America & Caribbean,South America,1997-03-01,1997-03-01,"22, 21, 1, 20, 34, 10, 14, 17, 13, 3, 11, 101, 76",,1996-03-01,1996-06-01,Sociedad Civil Bem-Estar Familiar no Brasil (BEMFAM),842.0,13283.0,All Women,12612.0,15.0,49.0,All Men,2949.0,15.0,59.0,
23,BF2017MIS,BF,2017,MIS,Completed,Burkina Faso,2017-18,526,1,Sub-Saharan Africa,Western Africa,2018-12-01,2019-07-08,"41, 90, 89, 101, 92",,2017-11-01,2018-03-01,Institute of Public Health (IPH) and Institute of Statistics (INSTAT),252.0,6322.0,All Women,7628.0,15.0,49.0,,,,,
24,KH2000DHS,KH,2000,DHS,Completed,Cambodia,2000,140,1,South & Southeast Asia,Southeast Asia,2001-06-01,2001-06-01,"1, 3, 6, 15, 21, 24, 26, 61, 9, 41, 10, 20, 31, 101, 33, 16, 14, 13",,2000-02-01,2000-07-01,National Institute of Statistics/Ministry of Health,,12236.0,All Women,15351.0,15.0,49.0,,,,,
25,KH2005DHS,KH,2005,DHS,Completed,Cambodia,2005,257,1,South & Southeast Asia,Southeast Asia,2006-12-01,2006-12-01,"16, 24, 21, 6, 1, 3, 23, 10, 11, 15, 31, 14, 34, 57, 17, 36, 13, 61, 41, 59, 20, 79, 101, 26, 33, 88, 104",,2005-09-01,2006-03-01,Ministry of Planning/National Institute of Statistics,557.0,14243.0,All Women,16823.0,15.0,49.0,All Men,6731.0,15.0,49.0,
26,KH2010DHS,KH,2010,DHS,Completed,Cambodia,2010,310,1,South & Southeast Asia,Southeast Asia,2011-09-01,2011-10-24,"32, 16, 15, 41, 10, 31, 22, 26, 38, 24, 21, 14, 11, 20, 34, 13, 1, 3, 17, 69, 101, 79",A couples dataset could not be generated since the household line number of the wife/partner (used to create variable MV034 and to link the man with his wife/partner) was not recorded in the Man’s Questionnaire.,2010-07-01,2011-01-01,National Institute of Statistics (NIS),611.0,15667.0,All Women,18754.0,15.0,49.0,All Men,8239.0,15.0,49.0,
27,KH2014DHS,KH,2014,DHS,Completed,Cambodia,2014,464,1,South & Southeast Asia,Southeast Asia,2015-09-01,2015-10-20,"22, 11, 26, 31, 38, 69, 24, 21, 14, 20, 17, 34, 13, 87, 15, 16, 41, 10, 32, 6, 1, 101, 79, 33, 3, 85, 80",,2014-06-01,2014-12-01,National Institute of Statistics (NIS – Ministry of Planning) in collaboration with the Ministry of Health (MoH)).,611.0,15825.0,All Women,17578.0,15.0,49.0,All Men,5190.0,15.0,49.0,
28,CM2018DHS,CM,2018,DHS,Completed,Cameroon,2018,511,1,Sub-Saharan Africa,Middle Africa,2020-02-01,2020-06-10,"23, 16, 100, 70, 89, 11, 26, 68, 91, 104, 33, 41, 10, 24, 21, 34, 6, 1, 92, 79",,2018-06-01,2018-12-01,"National Institute of Statistics (NIS)
",470.0,11710.0,All Women,13527.0,15.0,49.0,All Men,6978.0,15.0,64.0,
29,CO1990DHS,CO,1990,DHS,Completed,Colombia,1990,30,1,Latin America & Caribbean,South America,1991-06-01,1991-06-01,"22, 20, 76, 6, 101, 17, 24, 21, 79, 60",,1990-05-01,1990-08-01,PROFAMILIA,,7412.0,All Women,8644.0,15.0,49.0,,,,,
30,CO1995DHS,CO,1995,DHS,Completed,Colombia,1995,72,1,Latin America & Caribbean,South America,1995-10-01,1995-10-01,"21, 22, 24, 67, 79, 101, 69, 10, 60, 20, 33, 3, 6, 74",,1995-03-01,1995-06-01,PROFAMILIA,,10112.0,All Women,11140.0,15.0,49.0,,,,,
31,CO2000DHS,CO,2000,DHS,Completed,Colombia,2000,141,1,Latin America & Caribbean,South America,2000-10-01,2000-10-01,"6, 24, 21, 36, 33, 60, 16, 69, 32, 20, 79, 101, 10, 22, 34, 67, 57, 3, 31, 5, 74","Although testing salt for iodine appears in the household questionnare, it was not implemented.",2000-02-01,2000-06-01,PROFAMILIA,1023.0,10907.0,All Women,11585.0,15.0,49.0,,,,,
32,CO2005DHS,CO,2005,DHS,Completed,Colombia,2005,255,1,Latin America & Caribbean,South America,2005-11-01,2005-11-01,"34, 16, 36, 69, 94, 67, 70, 33, 21, 15, 10, 31, 22, 32, 20, 17, 13, 6, 75, 76, 79, 3, 74",,2004-10-01,2005-06-01,Profamilia,3935.0,37211.0,All Women,41344.0,13.0,49.0,,,,,
33,CO2010DHS,CO,2010,DHS,Completed,Colombia,2010,381,1,Latin America & Caribbean,South America,2011-02-01,2011-03-17,"10, 22, 26, 24, 21, 34, 33, 20, 79, 69, 94, 70, 67, 6, 32, 17, 16, 5, 31, 76, 3, 85, 57",Other Data (COOD60FL.ZIP) - Contains data collected on Cytology and the Elderly.,2009-11-01,2010-11-01,PROFAMILIA,5000.0,51447.0,All Women,53521.0,13.0,49.0,,,,,
34,CO2015DHS,CO,2015,DHS,Completed,Colombia,2015,476,1,Latin America & Caribbean,South America,2017-01-01,2017-04-13,"31, 32, 69, 24, 21, 20, 34, 5, 22, 79, 94, 75, 76, 11, 77, 6, 1, 60, 3, 67, 33, 16, 70, 85",,2015-02-01,2016-03-01,PROFAMILIA,,44614.0,All Women,38718.0,13.0,49.0,All Men,35783.0,13.0,59.0,
35,DR1991DHS,DR,1991,DHS,Completed,Dominican Republic,1991,37,1,Latin America & Caribbean,Caribbean,1991-12-01,1991-12-01,"2, 22, 10, 21, 17, 60, 79, 101, 74",,1991-07-01,1991-11-01,Asociación Dominicana Pro-Bienestar de la Familia,,7144.0,All Women,7320.0,15.0,49.0,,,,,396.0
36,DR1996DHS,DR,1996,DHS,Completed,Dominican Republic,1996,92,1,Latin America & Caribbean,Caribbean,1997-06-01,1997-06-01,"21, 22, 24, 1, 79, 101, 10, 69, 14, 11, 38, 5, 60",,1996-09-01,1996-12-01,Centro de Estudios Sociodemograficos (CESDEM)/PROFAMILIA,425.0,8831.0,All Women,8422.0,15.0,49.0,All Men,2279.0,15.0,64.0,
37,DR1999DHS,DR,1999,DHS,Completed,Dominican Republic,1999,142,1,Latin America & Caribbean,Caribbean,2001-09-01,2001-09-01,"3, 6, 11, 21, 22, 101, 24",,1999-08-01,1999-12-01,Centro de Estudios Sociodemograficos (CESDEM),,1381.0,All Women,1286.0,15.0,49.0,All Men,1112.0,15.0,64.0,
38,DR2002DHS,DR,2002,DHS,Completed,Dominican Republic,2002,210,1,Latin America & Caribbean,Caribbean,2003-10-01,2003-10-01,"24, 36, 3, 23, 21, 10, 11, 32, 20, 33, 101, 69, 22, 6, 1, 79",There is no possibility of linking the HIV Test data to the survey data.,2002-07-01,2002-12-01,"CESDEM, Centro de Estudios Sociodemograficos",1120.0,27135.0,All Women,23384.0,15.0,49.0,All Men,2833.0,15.0,59.0,
39,DR2007DHS,DR,2007,DHS,Completed,Dominican Republic,2007,291,1,Latin America & Caribbean,Caribbean,2008-05-01,2008-06-18,"24, 21, 23, 1, 10, 20, 6, 38, 36, 11, 34, 75, 76, 101, 69, 60, 26, 59, 33, 31, 13, 3, 79, 104",,2007-03-01,2007-08-01,Center for Demographic Studies  (CESDEM),1428.0,32431.0,All Women,27195.0,15.0,49.0,All Men,27975.0,15.0,59.0,
40,DR2007SPE,DR,2007,SPE,Completed,Dominican Republic,2007,331,0,Latin America & Caribbean,Caribbean,2008-06-01,2008-08-26,"11, 24, 21, 33, 10, 36, 34, 3, 79, 101, 59, 104, 20, 13, 60, 23, 6",BATEYES (this is a sample of the population who live and work in  sugar cane plantations),2007-07-01,2007-08-01,Centro de Estudios Sociales y Demográficos (CESDEM),114.0,2540.0,All Women,1575.0,15.0,49.0,All Men,1820.0,15.0,59.0,
41,DR2013SPE,DR,2013,SPE,Completed,Dominican Republic,2013,490,0,Latin America & Caribbean,Caribbean,2015-01-01,2015-02-06,"11, 101, 75, 33, 10, 76, 63, 26, 69, 60, 78, 38, 24, 21, 23, 34, 36, 6, 3, 68, 79, 104",,2013-07-01,2013-10-01,Centro de Estudios Sociales y Demográficos (CESDEM),,2569.0,All Women,1707.0,15.0,49.0,All Men,2101.0,15.0,59.0,
42,DR2013DHS,DR,2013,DHS,Completed,Dominican Republic,2013,439,1,Latin America & Caribbean,Caribbean,2014-10-01,2014-10-22,"38, 79, 10, 24, 21, 23, 11, 75, 76, 78, 101, 26, 87, 33, 68, 63, 69, 34, 36, 6, 60, 3, 104",,2013-07-01,2013-10-01,Centro de Estudios Sociales y Demográficos (CESDEM),524.0,11464.0,All Women,9372.0,15.0,49.0,All Men,10306.0,15.0,59.0,
43,EG1992DHS,EG,1992,DHS,Completed,Egypt,1992,45,1,North Africa/West Asia/Europe,North Africa,1993-11-01,1993-11-01,"12, 22, 79, 60, 26, 11, 10, 17, 101",,1992-11-01,1993-02-01,National Population Council,546.0,10760.0,Ever Married Women,9864.0,15.0,49.0,Husbands,2466.0,,,
44,EG1995DHS,EG,1995,DHS,Completed,Egypt,1995,71,1,North Africa/West Asia/Europe,North Africa,1996-09-01,1996-09-01,"3, 4, 22, 16, 32, 26, 10, 101, 6, 5, 79",,1995-11-01,1996-01-01,National Population Council,934.0,15567.0,Ever Married Women,14779.0,15.0,49.0,,,,,
45,EG2000DHS,EG,2000,DHS,Completed,Egypt,2000,145,1,North Africa/West Asia/Europe,North Africa,2001-01-01,2001-01-01,"4, 22, 15, 13, 3, 34, 26, 32, 20, 41, 79, 53, 101, 14, 10, 5",,2000-02-01,2000-04-01,Nat. Population Council,1000.0,16957.0,Ever Married Women,15573.0,15.0,49.0,,,,,
46,EG2003DHS,EG,2003,DHS,Completed,Egypt,2003,240,1,North Africa/West Asia/Europe,North Africa,2004-01-01,2004-01-01,"22, 79, 101, 10, 14, 21, 20, 4, 26",,2003-05-01,2003-06-01,El-Zanaty and Associates,490.0,10089.0,Ever Married Women,9159.0,15.0,49.0,,,,,
47,EG2005DHS,EG,2005,DHS,Completed,Egypt,2005,272,1,North Africa/West Asia/Europe,North Africa,2006-02-01,2006-02-01,"36, 4, 34, 41, 101, 21, 15, 10, 22, 26, 14, 5, 69, 53, 6, 3, 79",,2005-04-01,2005-06-01,"Ministry of Health and Population, National Population Council, El-Zanaty and Associates",682.0,21972.0,Ever Married Women,19474.0,15.0,49.0,,,,,
48,EG2008DHS,EG,2008,DHS,Completed,Egypt,2008,294,1,North Africa/West Asia/Europe,North Africa,2009-03-01,2009-06-19,"58, 13, 14, 32, 3, 19, 86, 21, 34, 4, 17, 43, 10, 22, 38, 101, 69, 20, 26, 63","Health Issues Subsample: Data Type: Household Raw & Individual Raw - All women age 15-59 interviewed: 6578, All men age 15-59 interviewed: 5430, Households interviewed: 4662.  Sub-survey on health for men and women: Data Type: Other Data",2008-03-01,2008-06-01,Ministry of Health and Population/El-Zanaty and Associates,610.0,18968.0,Ever Married Women,16527.0,15.0,49.0,,,,,
49,EG2014DHS,EG,2014,DHS,Completed,Egypt,2014,397,1,North Africa/West Asia/Europe,North Africa,2015-05-01,2015-05-11,"16, 22, 10, 32, 4, 26, 85, 31, 14, 34, 67, 5, 6, 69, 101, 20, 17, 13, 15, 41, 33, 80, 3, 24, 21",,2014-04-01,2014-06-01,"Ministry of Health and Population, National Population Council, El-Zanaty and Associates",904.0,28175.0,Ever Married Women,21762.0,15.0,49.0,,,,,
50,GH2019MIS,GH,2019,MIS,Completed,Ghana,2019,557,1,Sub-Saharan Africa,Western Africa,2020-07-01,2020-07-28,"90, 17, 26, 70, 89, 92, 41, 79, 69",,2019-09-01,2019-11-01,Ghana Statistical Service and National Public Health and Reference Laboratory in Accra,200.0,5799.0,All Women,5181.0,15.0,49.0,,,,,
51,GU1995DHS,GU,1995,DHS,Completed,Guatemala,1995,70,1,Latin America & Caribbean,Central America,1996-10-01,1996-10-01,"21, 22, 24, 38, 14, 20, 17, 1, 10, 69, 101, 3",,1995-06-01,1995-12-01,Instituto Nacional de Estadistica,,11297.0,All Women,12403.0,15.0,49.0,,,,,
52,GU1999DHS,GU,1999,DHS,Completed,Guatemala,1998-99,152,1,Latin America & Caribbean,Central America,1999-07-01,1999-07-01,"17, 41, 94, 22, 76, 101, 15, 10, 14, 13, 60, 3, 79",,1998-11-01,1999-05-01,Instituto Nacional de Estadistica,,5587.0,All Women,6021.0,15.0,49.0,,,,,
53,GU2015DHS,GU,2015,DHS,Completed,Guatemala,2014-15,440,1,Latin America & Caribbean,Central America,2017-01-01,2017-02-24,"22, 41, 24, 21, 6, 94, 10, 11, 79, 101, 1, 26, 3",A couples dataset could not be generated since the household line number of the wife/partner (used to create variable MV034 and to link the man with his wife/partner) was not recorded in the Man’s Questionnaire.,2014-10-01,2015-06-01,Instituto de Nutrición de Centro América y Panamá (INCAP) ,864.0,21383.0,All Women,25914.0,15.0,49.0,All Men,11145.0,15.0,59.0,
54,GN2018DHS,GN,2018,DHS,Completed,Guinea,2018,539,1,Sub-Saharan Africa,Western Africa,2019-07-01,2019-10-30,"70, 39, 26, 38, 24, 21, 23, 11, 4, 41, 10, 67, 6, 31, 79, 69, 34, 91, 104, 22, 17",,2018-02-01,2018-06-01,Institut National de la Statistique (INS),400.0,8200.0,All Women,8000.0,15.0,49.0,All Men,5000.0,15.0,59.0,
55,GY2005AIS,GY,2005,AIS,Completed,Guyana,2005,243,1,Latin America & Caribbean,South America,2006-08-01,2006-08-01,"24, 21, 31, 36, 53, 57, 79, 11, 101, 33",,2005-06-01,2005-09-01,Guyana Responsible Parenthood Association,120.0,2608.0,All Women,2425.0,15.0,49.0,All Men,1875.0,15.0,49.0,
56,GY2009DHS,GY,2009,DHS,Completed,Guyana,2009,309,1,Latin America & Caribbean,South America,2010-10-01,2011-07-08,"33, 15, 41, 10, 31, 22, 32, 26, 24, 21, 14, 57, 11, 20, 17, 36, 34, 13, 3, 53, 59, 93, 79, 69, 101",,2009-03-01,2009-07-01,Ministry of Health (MOH/Bureau of Statistisc),330.0,5632.0,All Women,4996.0,15.0,49.0,All Men,3522.0,15.0,49.0,
57,HT1994DHS,HT,1994,DHS,Completed,Haiti,1994-95,69,1,Latin America & Caribbean,Caribbean,1995-12-01,1995-12-01,"10, 61, 2, 11, 21, 24, 16, 101",,1994-07-01,1995-01-01,Inst. Haïtian de l’Enfance,,4818.0,All Women,5356.0,15.0,49.0,All Men,1610.0,15.0,59.0,172.0
58,HT2000DHS,HT,2000,DHS,Completed,Haiti,2000,155,1,Latin America & Caribbean,Caribbean,2001-06-01,2001-06-01,"1, 2, 3, 6, 17, 11, 15, 21, 24, 34, 32, 41, 26, 16, 14, 13, 31, 101, 33, 10, 20, 79",,2000-02-01,2000-07-01,Inst. Haitien de l'Enfance,317.0,9595.0,All Women,10159.0,15.0,49.0,All Men,3171.0,15.0,59.0,317.0
59,HT2006DHS,HT,2006,DHS,Completed,Haiti,2005-06,222,1,Latin America & Caribbean,Caribbean,2007-01-01,2007-01-01,"24, 15, 10, 31, 26, 14, 6, 1, 3, 37, 57, 36, 5, 34, 20, 69, 33, 41, 11, 21, 13, 88, 17, 59, 101, 23, 79, 100",,2005-10-01,2006-06-01,Institut Haitien de L'Enfance,339.0,9998.0,All Women,10757.0,15.0,49.0,All Men,4958.0,15.0,59.0,
60,HT2012DHS,HT,2012,DHS,Completed,Haiti,2012,368,1,Latin America & Caribbean,Caribbean,2013-04-01,2013-07-09,"41, 23, 6, 67, 37, 33, 15, 10, 31, 61, 32, 39, 26, 24, 21, 14, 57, 20, 17, 34, 13, 3, 69, 101, 16, 11, 5, 104, 79",,2012-01-01,2012-06-01,Institut Haïtien de l’Enfance (IHE - Haitian Childhood Institute),445.0,13181.0,All Women,14287.0,15.0,49.0,All Men,9493.0,15.0,59.0,
61,HT2016DHS,HT,2016,DHS,Completed,Haiti,2016-17,503,1,Latin America & Caribbean,Caribbean,2018-07-01,2018-08-21,"85, 24, 21, 91, 16, 41, 10, 43, 70, 67, 11, 6, 1, 23, 80, 46, 31, 79, 32, 26, 104",,2016-11-01,2017-04-01,Institut Haitien de l’Enfance (IHE),450.0,13405.0,All Women,14371.0,15.0,49.0,All Men,9795.0,15.0,64.0,
62,HN2005DHS,HN,2005,DHS,Completed,Honduras,2005-06,265,1,Latin America & Caribbean,Central America,2006-12-01,2006-12-01,"24, 21, 15, 10, 31, 22, 32, 20, 17, 13, 6, 9, 34, 79, 36, 41, 75, 76, 69, 101, 38, 33, 61, 3",,2005-10-01,2006-05-01,"Instituto Nacional de Estadistica, (INE)",1050.0,18683.0,All Women,19948.0,15.0,49.0,,,,,
63,HN2011DHS,HN,2011,DHS,Completed,Honduras,2011-12,369,1,Latin America & Caribbean,Central America,2013-05-01,2013-06-25,"87, 75, 76, 77, 69, 101, 41, 10, 45, 31, 26, 38, 24, 21, 11, 22, 6, 9, 3, 33, 61, 34, 36, 80, 32, 79",A couples dataset could not be generated since the household line number of the wife/partner (used to create variable MV034 and to link the man with his wife/partner) was not recorded in the Man’s Questionnaire.,2011-09-01,2012-07-01,Instituto Nacional de Estadistica (INE),1150.0,21362.0,All Women,22757.0,15.0,49.0,All Men,7120.0,15.0,59.0,
64,IA1993DHS,IA,1993,DHS,Completed,India,1992-93,50,1,South & Southeast Asia,South Asia,1995-08-01,1995-08-01,"16, 21, 10, 1, 2, 61, 36, 20, 13, 94, 101, 79","Data collected for women 13-49, indicators calculated for women 15-49",1992-04-01,1993-09-01,International Institute for Population Sciences (IIPS),3522.0,88562.0,Ever Married Women,89777.0,13.0,49.0,,,,,
65,IA1999DHS,IA,1999,DHS,Completed,India,1998-99,156,1,South & Southeast Asia,South Asia,2000-10-01,2000-10-01,"16, 14, 15, 21, 5, 10, 20, 13, 1, 9, 94, 41, 48, 6, 101, 3, 33, 45, 61, 38, 17, 34, 36, 79",,1998-11-01,1999-12-01,International Institute for Population Sciences (IIPS),3165.0,92486.0,Ever Married Women,90303.0,15.0,49.0,,,,,
66,IA2006DHS,IA,2006,DHS,Completed,India,2005-06,264,1,South & Southeast Asia,South Asia,2007-09-01,2007-09-01,"33, 3, 34, 36, 94, 45, 59, 41, 63, 38, 24, 21, 23, 15, 10, 31, 22, 14, 11, 20, 17, 13, 5, 6, 69, 101, 104, 79, 57",,2005-11-01,2006-08-01,"International Institute for Population Sciences, Mumbai",3850.0,109041.0,All Women,124385.0,15.0,49.0,All Men,74369.0,15.0,54.0,
67,IA2015DHS,IA,2015,DHS,Completed,India,2015-16,355,1,South & Southeast Asia,South Asia,2017-12-01,2018-01-11,"79, 16, 69, 13, 94, 59, 75, 76, 33, 45, 20, 22, 3, 11, 15, 31, 43, 68, 63, 46, 14, 57, 34, 36, 104, 41, 10, 23, 26, 6, 70, 24, 21",,2015-01-01,2016-12-01,International Institute for Population Sciences (IIPS),28586.0,601509.0,All Women,699686.0,15.0,49.0,All Men,112122.0,15.0,54.0,
68,ID1991DHS,ID,1991,DHS,Completed,Indonesia,1991,35,1,South & Southeast Asia,Southeast Asia,1991-12-01,1991-12-01,"17, 101, 20, 22, 60",,1991-05-01,1991-07-01,"Indonesia Central Bureau of Statistics, the National Family Planning Coordinating Board and the Ministry of Health",,26858.0,Ever Married Women,22909.0,15.0,49.0,,,,,
69,ID1994DHS,ID,1994,DHS,Completed,Indonesia,1994,63,1,South & Southeast Asia,Southeast Asia,1995-10-01,1995-10-01,"1, 2, 21, 22, 101, 3",,1994-07-01,1994-11-01,Central Bureau of Statistics/NFPCB/MOH,,33738.0,Ever Married Women,28168.0,15.0,49.0,,,,,1416.0
70,ID1997DHS,ID,1997,DHS,Completed,Indonesia,1997,95,1,South & Southeast Asia,Southeast Asia,1998-10-01,1998-10-01,"1, 21, 22, 101, 3",,1997-09-01,1997-12-01,Central Bureau of Statatistics/NFPCB/MOH,,34255.0,Ever Married Women,28810.0,15.0,49.0,,,,,
71,ID2003DHS,ID,2003,DHS,Completed,Indonesia,2002-03,172,1,South & Southeast Asia,Southeast Asia,2003-12-01,2003-12-01,"21, 26, 79, 53, 22, 20, 1, 31, 101, 3, 11, 13",,2002-10-01,2003-04-01,Central Bureau of Statatistics/National Family Planning Coordinating Board (NFPCB)/Ministry of Health (MOH),1592.0,33088.0,Ever Married Women,29483.0,15.0,49.0,Currently Married Men,8310.0,15.0,54.0,
72,ID2007DHS,ID,2007,DHS,Completed,Indonesia,2007,297,1,South & Southeast Asia,Southeast Asia,2008-12-01,2009-03-31,"17, 3, 57, 31, 22, 21, 11, 20, 13, 1, 34, 79, 53, 101",,2007-06-01,2008-02-01,Central Bureau of Statistics ( (Badan Pusat Statistik (BPS)),1694.0,40701.0,Ever Married Women,32895.0,15.0,49.0,Currently Married Men,8758.0,15.0,54.0,
73,ID2012DHS,ID,2012,DHS,Completed,Indonesia,2012,357,1,South & Southeast Asia,Southeast Asia,2013-08-01,2013-09-25,"11, 16, 33, 15, 31, 24, 21, 20, 22, 17, 34, 13, 1, 3, 53, 69, 101, 79",,2012-05-01,2012-07-01,Statistics Indonesia (Badan Statistik Indonesia or BPS),1840.0,43852.0,All Women,45607.0,15.0,49.0,Ever Married Men,9306.0,15.0,54.0,
74,ID2017DHS,ID,2017,DHS,Completed,Indonesia,2017,522,0,South & Southeast Asia,Southeast Asia,2018-09-01,2019-07-03,"11, 53, 16, 31, 79, 69, 24, 21, 34, 60, 3, 101, 20",,2017-07-01,2017-09-01,"Badan Pusat Statistik (Statistics Indonesia, SI) and Badan Kependudukan dan Keluarga Berencana (National Population and Family Planning Board, NPFPB)",1970.0,47963.0,All Women,49627.0,15.0,49.0,Currently Married Men,10009.0,15.0,54.0,
75,JO1990DHS,JO,1990,DHS,Completed,Jordan,1990,31,1,North Africa/West Asia/Europe,West Asia,1992-08-01,1992-08-01,"2, 60, 61, 9, 10, 5, 69, 101, 22",,1990-10-01,1990-12-01,Department of Statistics (DOS)/Ministry of Planning,349.0,16296.0,Ever Married Women,6461.0,15.0,49.0,,,,,
76,JO1997DHS,JO,1997,DHS,Completed,Jordan,1997,96,1,North Africa/West Asia/Europe,West Asia,1998-12-01,1998-12-01,"1, 22, 21, 10, 101, 3",,1997-06-01,1997-10-01,Department of Statistics (DOS),,7335.0,Ever Married Women,5548.0,15.0,49.0,,,,,
77,JO2002DHS,JO,2002,DHS,Completed,Jordan,2002,208,1,North Africa/West Asia/Europe,West Asia,2003-06-01,2003-06-01,"15, 16, 41, 3, 10, 26, 21, 101, 22, 20, 75, 79",,2002-07-01,2002-09-01,Department of Statistics (DOS),498.0,7825.0,Ever Married Women,6006.0,15.0,49.0,,,,,
78,JO2007DHS,JO,2007,DHS,Completed,Jordan,2007,295,1,North Africa/West Asia/Europe,West Asia,2008-08-01,2008-11-24,"41, 10, 6, 17, 79, 16, 20, 34, 3, 21, 36, 101, 75, 76, 22, 32, 26, 80",,2007-06-01,2007-11-01,Department of Statistics (DOS),930.0,14564.0,Ever Married Women,10876.0,15.0,49.0,,,,,
79,JO2009DHS,JO,2009,DHS,Completed,Jordan,2009,336,1,North Africa/West Asia/Europe,West Asia,2010-05-01,2010-07-20,"10, 22, 16, 101, 41, 34, 79",,2009-10-01,2009-12-01,Department of Statistics (DOS),930.0,13577.0,Ever Married Women,10109.0,15.0,49.0,,,,,
80,JO2012DHS,JO,2012,DHS,Completed,Jordan,2012,403,1,North Africa/West Asia/Europe,West Asia,2013-09-01,2013-12-10,"15, 41, 10, 31, 26, 24, 21, 57, 8, 20, 17, 36, 34, 13, 6, 3, 16, 22, 75, 76, 67, 32, 101, 80, 79",,2012-09-01,2012-12-01,"Department of Statistics, Jordan",806.0,15190.0,Ever Married Women,11352.0,15.0,49.0,,,,,
81,JO2017DHS,JO,2017,DHS,Completed,Jordan,2017-18,500,1,North Africa/West Asia/Europe,West Asia,2019-03-01,2019-03-26,"22, 11, 41, 10, 70, 67, 80, 38, 21, 6, 87, 16","In the 2017-18 Jordan DHS, height and weight data were collected for women aged 15-49 and for children less than 60 months old. However, analysis demonstrated that the data for children were unreliable; therefore, height and weight data of children were not included in the recode file. Registered users who require access to the children anthropometric data may send a request for the raw data to the DHS Data Archive at archive@dhsprogram.com.",2017-10-01,2018-01-01,Department of Statistics (DOS),970.0,18802.0,Ever Married Women,14689.0,15.0,49.0,All Men,6429.0,15.0,59.0,
82,KK1995DHS,KK,1995,DHS,Completed,Kazakhstan,1995,74,1,Central Asia,Central Asia,1995-12-01,1995-12-01,"10, 15, 16, 41, 30, 101, 3",,1995-05-01,1995-09-01,National Institute of Nutrition,176.0,4178.0,All Women,3771.0,15.0,49.0,,,,,
83,KK1999DHS,KK,1999,DHS,Completed,Kazakhstan,1999,157,1,Central Asia,Central Asia,2000-11-01,2000-11-01,"10, 15, 16, 17, 20, 34, 3, 21, 22, 14, 30, 41, 11, 36, 101, 33, 79",,1999-07-01,1999-09-01,Academy of Preventive Medicine,,5844.0,All Women,4800.0,15.0,49.0,All Men,1440.0,15.0,59.0,
84,KY1997DHS,KY,1997,DHS,Completed,Kyrgyz Republic,1997,109,1,Central Asia,Central Asia,1998-08-01,1998-08-01,"10, 15, 16, 17, 41, 30, 101",,1997-08-01,1997-11-01,Institute of Obstetrics and Pediatrics/Ministry of Health,,3672.0,All Women,3848.0,15.0,49.0,,,,,
85,KY2012DHS,KY,2012,DHS,Completed,Kyrgyz Republic,2012,383,1,Central Asia,Central Asia,2013-12-01,2014-01-30,"10, 30, 79, 32, 69, 26, 31, 34, 33, 68, 14, 17, 13, 3, 59, 94, 22, 11, 101, 6, 16, 15, 41, 43, 24, 21, 20, 36, 93",,2012-08-01,2012-12-01,National Statistical Committee (NSC) and the Ministry of Health (MOH),316.0,8040.0,All Women,8208.0,15.0,49.0,All Men,2413.0,15.0,59.0,
86,MV2009DHS,MV,2009,DHS,Completed,Maldives,2009,321,1,South & Southeast Asia,South Asia,2010-10-01,2010-11-23,"10, 5, 60, 38, 53, 16, 69, 68, 33, 63, 31, 32, 85, 80, 79, 101, 87, 11, 20, 22, 24, 21, 36, 34, 3","Caution for Men’s datasets: The response rate to the men's interview was inordinately low (interviews were completed with 54 percent of the men who were eligible for interview); therefore, any user of the men’s data should be aware that the data may not accurately represent the wider Maldivian male population. MVOD50*.ZIP (Other Data): Youth & Young Adult Questionnaire.",2009-01-01,2009-10-01,Ministry of Health,270.0,6443.0,Ever Married Women,7131.0,15.0,49.0,Ever Married Men,1727.0,15.0,64.0,
87,MV2016DHS,MV,2016,DHS,Completed,Maldives,2016-17,494,1,South & Southeast Asia,South Asia,2018-11-01,2019-02-25,"86, 11, 22, 70, 32, 38, 6, 4, 80, 41, 10, 94, 87",Fieldworker Data are not distributed.,2016-03-01,2017-11-01,Ministry of Health (MOH),266.0,6050.0,All Women,7699.0,15.0,49.0,All Men,4342.0,15.0,49.0,
88,ML2018DHS,ML,2018,DHS,Completed,Mali,2018,517,1,Sub-Saharan Africa,Western Africa,2019-08-01,2019-09-19,"22, 85, 39, 11, 6, 4, 1, 41, 10, 70, 89",,2018-08-01,2018-11-01,"The National Institute of Statistics (Institut National de Statistiques -INSTAT), the Center for Planning and Statistics - Health, Social Development, and Family Promotion Sectors (Cellule de Planification et de Statistique Secteur Santé, Développement Social et Promotion de la Famille - CPS/SS-DS-PF)",458.0,9510.0,All Women,10519.0,15.0,49.0,All Men,4618.0,15.0,59.0,
89,MB2005DHS,MB,2005,DHS,Completed,Moldova,2005,258,1,North Africa/West Asia/Europe,Eastern Europe,2006-09-01,2006-09-01,"15, 10, 11, 14, 36, 34, 59, 69, 41, 16, 24, 21, 22, 26, 30, 6, 3, 101, 33, 60, 79, 93, 94",,2005-06-01,2005-08-01,Ministry of Health (MOH)/Center for Preventive Medicine,400.0,11095.0,All Women,7440.0,15.0,49.0,All Men,2508.0,15.0,59.0,
90,MA1992DHS,MA,1992,DHS,Completed,Morocco,1992,47,1,North Africa/West Asia/Europe,North Africa,1993-08-01,1993-08-01,"1, 2, 11, 22, 101, 10",,1992-01-01,1992-04-01,Ministère de la Santé Publique (Service des Etudes et de l'Information Sanitaire (SEIS),212.0,6577.0,All Women,9256.0,15.0,49.0,All Men,1336.0,20.0,,212.0
91,MA2003DHS,MA,2003,DHS,Completed,Morocco,2003-04,214,1,North Africa/West Asia/Europe,North Africa,2005-03-01,2005-03-01,"21, 10, 34, 79, 69, 1, 22, 17, 86, 101, 26",The Morocco Survey will be a collaboration between MEASURE DHS+ and PAPFAM of the League of the Arab States,2003-10-01,2004-02-01,"Ministère de la Santé, Direction de la Planification et des Ressources Financières, Division de la Planification et des Études, Service des Etudes et de l’Information Sanitaire – SEIS",480.0,11513.0,All Women,16798.0,15.0,49.0,,,,,
92,MZ2018MIS,MZ,2018,MIS,Completed,Mozambique,2018,527,1,Sub-Saharan Africa,Eastern Africa,2019-04-01,2019-07-19,"41, 70, 89",,2018-04-01,2018-06-01,"Instituto Nacional de Saúde (INS, the National Health Institute)",224.0,6196.0,All Women,6184.0,15.0,49.0,,,,,
93,MM2016DHS,MM,2016,DHS,Completed,Myanmar,2015-16,454,1,South & Southeast Asia,Southeast Asia,2017-03-01,2017-03-23,"22, 79, 92, 101, 26, 24, 21, 3, 36, 67, 80, 15, 41, 78, 11, 6, 1, 57",,2015-12-01,2016-07-01,The Department of Health Planning under the Ministry of Health,442.0,12500.0,All Women,12885.0,15.0,49.0,All Men,4737.0,15.0,49.0,
94,NP1996DHS,NP,1996,DHS,Completed,Nepal,1996,86,1,South & Southeast Asia,South Asia,1997-03-01,1997-03-01,"1, 10, 14, 21, 16, 30, 94, 101, 3",,1996-01-01,1996-06-01,Ministry of Health/New ERA,,8082.0,Ever Married Women,8429.0,15.0,49.0,,,,,
95,NP2001DHS,NP,2001,DHS,Completed,Nepal,2001,202,1,South & Southeast Asia,South Asia,2002-04-01,2002-04-01,"30, 16, 10, 20, 26, 101, 33, 3, 21, 11, 13, 79, 94",,2001-01-01,2001-06-01,Ministry of Health/New ERA,251.0,8602.0,Ever Married Women,8726.0,15.0,49.0,Ever Married Men,2261.0,15.0,59.0,
96,NP2006DHS,NP,2006,DHS,Completed,Nepal,2006,268,1,South & Southeast Asia,South Asia,2007-05-01,2007-05-01,"30, 36, 34, 79, 9, 60, 94, 41, 16, 24, 21, 15, 10, 31, 22, 32, 26, 11, 20, 13, 1, 101, 61, 3, 33, 57",,2006-02-01,2006-08-01,New ERA,260.0,8707.0,All Women,10793.0,15.0,49.0,All Men,4397.0,15.0,59.0,
97,NP2011DHS,NP,2011,DHS,Completed,Nepal,2011,356,1,South & Southeast Asia,South Asia,2012-03-01,2012-03-27,"41, 16, 26, 10, 24, 79, 31, 32, 30, 21, 14, 11, 20, 22, 17, 34, 6, 60, 94, 33, 57, 70, 13, 3",,2011-01-01,2011-06-01,New ERA,289.0,10826.0,All Women,12674.0,15.0,49.0,All Men,4121.0,15.0,49.0,
98,NP2016DHS,NP,2016,DHS,Completed,Nepal,2016,472,1,South & Southeast Asia,South Asia,2017-11-01,2017-11-13,"6, 31, 14, 20, 17, 34, 36, 13, 9, 60, 3, 22, 30, 11, 41, 10, 70, 1, 16, 43, 68, 79, 24, 107, 26, 21, 92, 57",,2016-06-01,2017-01-01,New ERA,383.0,11040.0,All Women,12862.0,15.0,49.0,All Men,4063.0,15.0,49.0,
99,NC1998DHS,NC,1998,DHS,Completed,Nicaragua,1998,112,1,Latin America & Caribbean,Central America,1999-04-01,1999-04-01,"6, 21, 24, 11, 22, 10, 60, 14, 3, 101, 33",,1997-12-01,1998-05-01,Inst. Nacional de Estadisticas y Censos,,11528.0,All Women,13634.0,15.0,49.0,All Men,2912.0,15.0,59.0,
100,NC2001DHS,NC,2001,DHS,Completed,Nicaragua,2001,204,1,Latin America & Caribbean,Central America,2002-10-01,2002-10-01,"24, 38, 69, 31, 5, 79, 85, 60, 101, 33, 3, 22, 21, 10, 32",,2001-09-01,2001-12-01,Instituto Nacional De Estadisticas Y Censos (INEC),610.0,11328.0,All Women,13060.0,15.0,49.0,,,,,
101,NG2018DHS,NG,2018,DHS,Completed,Nigeria,2018,528,1,Sub-Saharan Africa,Western Africa,2019-10-01,2019-11-05,"90, 95, 92, 24, 21, 34, 22, 70, 41, 89, 14, 39, 6, 1, 4, 11, 10",,2018-08-01,2018-12-01,National Population Commission (NPC),1400.0,40427.0,All Women,41821.0,15.0,49.0,All Men,13311.0,15.0,59.0,
102,PK1991DHS,PK,1991,DHS,Completed,Pakistan,1990-91,34,1,South & Southeast Asia,South Asia,1992-07-01,1992-07-01,"10, 11, 12, 101, 74",,1990-12-01,1991-05-01,The National Institute of Population Studies (NIPS),408.0,7193.0,Ever Married Women,6611.0,15.0,49.0,Husbands,1354.0,,,
103,PK2006DHS,PK,2006,DHS,Completed,Pakistan,2006-07,273,1,South & Southeast Asia,South Asia,2008-06-01,2008-07-18,"57, 39, 36, 16, 8, 101, 26, 1, 9, 79",PKOD52.ZIP: Other Data - This comes from the Community Questionnaire.,2006-09-01,2007-02-01,The National Institute of Population Studies (NIPS),1000.0,95441.0,Ever Married Women,10023.0,15.0,49.0,,,,,
104,PK2012DHS,PK,2012,DHS,Completed,Pakistan,2012-13,419,1,South & Southeast Asia,South Asia,2013-12-01,2014-01-22,"6, 10, 22, 30, 60, 33, 24, 21, 11, 20, 36, 34, 13, 3, 16, 31, 17, 101, 26, 57, 78, 79",A couples dataset could not be generated since the household line number of the wife/partner (used to create variable MV034 and to link the man with his wife/partner) was not recorded in the Man’s Questionnaire.,2012-10-01,2013-04-01,National Institute of Population Studies (NIPS),500.0,12943.0,Ever Married Women,13558.0,15.0,49.0,Ever Married Men,3134.0,15.0,49.0,
105,PK2017DHS,PK,2017,DHS,Completed,Pakistan,2017-18,523,1,South & Southeast Asia,South Asia,2019-01-01,2019-02-25,"30, 16, 10, 78, 11, 6, 31, 85, 92, 26, 60, 2, 79, 34, 101","National figures and background characteristics of the 2017-18 PDHS excludes Azad Jammu and Kashmir and Gilgit Baltistan regions. As the 2012-13 PDHS included Gilgit Baltistan, trend analysis should be done with caution.",2017-11-01,2018-04-01,The National Institute of Population Studies (NIPS) ,580.0,14540.0,Ever Married Women,15068.0,15.0,49.0,Ever Married Men,3691.0,15.0,49.0,
106,PG2017DHS,PG,2017,DHS,Completed,Papua New Guinea,2016-18,499,1,Oceania,Pacific Islands,2019-11-01,2019-11-25,"10, 78, 11, 6, 1, 74, 31, 22, 79, 69, 24, 21, 14, 59, 20, 17, 34, 13, 57, 60, 3, 101, 107",,2016-10-01,2018-12-01,"National Statistical Office, Papua New Guinea",800.0,16021.0,All Women,15198.0,15.0,49.0,All Men,7333.0,15.0,49.0,
107,PY1990DHS,PY,1990,DHS,Completed,Paraguay,1990,33,1,Latin America & Caribbean,South America,1991-02-01,1991-02-01,"22, 60, 10, 101, 17",,1990-05-01,1990-08-01,Centro Paraguayo de Estudios de Población,,5683.0,All Women,5827.0,15.0,49.0,,,,,
108,PE1992DHS,PE,1992,DHS,Completed,Peru,1991-92,44,1,Latin America & Caribbean,South America,1992-09-01,1992-09-01,"69, 10, 1, 22, 101, 60, 74",,1991-10-01,1992-03-01,Instituto Nacional de Estadistica e Informática,,13479.0,All Women,15882.0,15.0,49.0,,,,,
109,PE1996DHS,PE,1996,DHS,Completed,Peru,1996,88,1,Latin America & Caribbean,South America,1997-06-01,1997-06-01,"21, 24, 15, 69, 41, 11, 22, 10, 1, 101, 3, 60",,1996-08-01,1996-11-01,Inst. Nacional de Estadistica e Informática,,28122.0,All Women,28951.0,15.0,49.0,All Men,2487.0,15.0,59.0,
110,PE2000DHS,PE,2000,DHS,Completed,Peru,2000,176,1,Latin America & Caribbean,South America,2001-06-01,2001-06-01,"6, 10, 15, 21, 24, 22, 20, 1, 3, 16, 73, 26, 79, 69, 101, 14, 41, 31, 33",,2000-07-01,2000-11-01,Instituto Nacional de Estadistica e Informática,1414.0,28900.0,All Women,27843.0,15.0,49.0,,,,,
111,PE2004DHS,PE,2004,DHS,Completed,Peru,2004-06,228,1,Latin America & Caribbean,South America,2005-11-01,2005-11-01,"1, 31, 57, 60, 79, 34, 36, 33, 73, 24, 22, 20, 6, 69, 16, 21, 26, 13, 3, 70, 15, 41, 10","Continuous survey, with 5 cycles.  The data include cycles 1 through 5.",2003-12-01,2006-12-01,Instituto Nacional de Estadistica e Informatica (INEI),,20440.0,All Women,19090.0,15.0,49.0,,,,,
112,PE2007DHS,PE,2007,DHS,Completed,Peru,2007-08,447,1,Latin America & Caribbean,South America,2009-10-01,2010-02-26,"41, 10, 24, 21, 6, 22, 79, 16, 1, 26, 73, 69, 14, 33, 70, 3","Continuous survey, with 5 cycles.  The data include cycles 1 through 5.",2007-01-01,2008-10-01,Instituto Nacional de Estadistica e Informatica (INEI),722.0,25633.0,All Women,22558.0,15.0,49.0,,,,,
113,PE2009DHS,PE,2009,DHS,Completed,Peru,2009,334,1,Latin America & Caribbean,South America,2010-05-01,2010-05-13,"79, 16, 26, 33, 15, 41, 10, 31, 22, 32, 24, 21, 14, 20, 36, 34, 13, 5, 6, 1, 60, 3, 73, 70, 69, 75, 76, 57",,2009-03-01,2009-11-01,Instituto Nacional de Estadistica e Informatica (INEI),1132.0,26988.0,All Women,24212.0,15.0,49.0,,,,,
114,PE2010DHS,PE,2010,DHS,Completed,Peru,2010,426,1,Latin America & Caribbean,South America,2011-05-01,2011-06-08,"79, 16, 22, 26, 5, 33, 15, 31, 43, 68, 67, 32, 20, 34, 36, 13, 1, 60, 3, 41, 10, 24, 21, 6, 73, 69, 70, 75, 76, 57",,2010-03-01,2010-12-01,Instituto Nacional de Estadística e Informática (INEI),1132.0,26605.0,All Women,22947.0,15.0,49.0,,,,,
115,PE2011DHS,PE,2011,DHS,Completed,Peru,2011,433,1,Latin America & Caribbean,South America,2012-05-01,2012-06-05,"33, 41, 10, 31, 68, 63, 32, 24, 21, 14, 20, 17, 36, 34, 13, 6, 1, 3, 79, 16, 69, 26, 5, 43, 72, 67, 22, 70, 75, 76, 73, 57",,2011-03-01,2011-12-01,Instituto Nacional de Estadística e Informática (INEI),1132.0,26528.0,All Women,22517.0,15.0,49.0,,,,,
116,PE2012DHS,PE,2012,DHS,Completed,Peru,2012,434,1,Latin America & Caribbean,South America,2013-04-01,2013-05-07,"79, 16, 1, 26, 34, 15, 41, 10, 38, 24, 21, 20, 36, 6, 3, 37, 22, 17, 14, 69, 73, 67, 33, 70, 5, 43, 68, 32",,2012-03-01,2012-12-01,Instituto Nacional de Estadística e Informática (INEI),1426.0,27218.0,All Women,23888.0,15.0,49.0,,,,,
117,PH1993DHS,PH,1993,DHS,Completed,Philippines,1993,61,1,South & Southeast Asia,Southeast Asia,1994-05-01,1994-05-01,"22, 16, 30, 2, 1, 101",,1993-03-01,1993-05-01,National Statistics Office,,12995.0,All Women,15029.0,15.0,49.0,,,,,744.0
118,PH1998DHS,PH,1998,DHS,Completed,Philippines,1998,111,1,South & Southeast Asia,Southeast Asia,1999-01-01,1999-01-01,"1, 14, 22, 36, 69, 30, 101, 16, 38, 17, 3, 20, 13, 60, 76",PHOD3A*.ZIP - Health Module Questionnaire,1998-02-01,1998-04-01,"The National Statistics Office, Department of Health",,12407.0,All Women,13983.0,15.0,49.0,,,,,
119,PH2003DHS,PH,2003,DHS,Completed,Philippines,2003,227,1,South & Southeast Asia,Southeast Asia,2004-10-01,2004-10-01,"24, 21, 26, 13, 36, 34, 16, 69, 11, 68, 101, 33, 77, 63, 22, 30, 75, 76, 38, 3",,2003-06-01,2003-09-01,National Statistics Office,819.0,12586.0,All Women,13633.0,15.0,49.0,All Men,4766.0,15.0,54.0,
120,PH2008DHS,PH,2008,DHS,Completed,Philippines,2008,298,1,South & Southeast Asia,Southeast Asia,2009-12-01,2010-01-21,"24, 21, 30, 26, 33, 34, 6, 16, 3, 20, 69, 101, 36, 38, 79",,2008-08-01,2008-09-01,The National Statistics Office,794.0,12469.0,All Women,13594.0,15.0,49.0,,,,,
121,PH2013DHS,PH,2013,DHS,Completed,Philippines,2013,436,1,South & Southeast Asia,Southeast Asia,2014-08-01,2014-09-09,"16, 38, 75, 76, 77, 68, 63, 36, 79, 87, 101, 33, 6, 69, 34, 30, 24, 21, 3, 86, 94",,2013-08-01,2013-09-01,National Statistical Office (NSO),800.0,14804.0,All Women,16155.0,15.0,49.0,,,,,
122,PH2017DHS,PH,2017,DHS,Completed,Philippines,2017,510,1,South & Southeast Asia,Southeast Asia,2018-10-01,2018-10-03,"24, 69, 33, 38, 86, 30, 60, 21, 92, 87, 70, 6, 94",,2017-08-01,2017-10-01,The Philippine Statistics Authority (PSA),1250.0,27496.0,All Women,25074.0,15.0,49.0,,,,,
123,SN2018DHS,SN,2018,DHS,Completed,Senegal,2018,580,1,Sub-Saharan Africa,Western Africa,2020-05-01,2020-06-17,"31, 17, 3, 80, 26, 11, 10, 14, 6, 4, 32, 69, 85, 22, 70, 79",,2018-06-01,2018-12-01,l’Agence Nationale de la Statistique et de la Démographie (ANSD),214.0,4592.0,All Women,9414.0,15.0,49.0,All Men,3762.0,15.0,59.0,
124,SN2019DHS,SN,2019,DHS,Completed,Senegal,2019,581,0,Sub-Saharan Africa,Western Africa,2020-11-01,2020-11-10,"10, 31, 22, 70, 79, 80, 32, 26, 69, 14, 11, 17, 3, 85, 6, 4",,,,l’Agence Nationale de la Statistique et de la Démographie (ANSD),,4538.0,All Women,8649.0,15.0,49.0,All Men,3365.0,15.0,59.0,
125,SL2019DHS,SL,2019,DHS,Completed,Sierra Leone,2019,545,1,Sub-Saharan Africa,Western Africa,2020-10-01,2020-12-11,"11, 41, 23, 70, 104, 1, 6, 4, 10, 89, 99, 26",,2019-05-01,2019-08-01,Statistics Sierra Leone,578.0,13399.0,All Women,15574.0,15.0,49.0,All Men,7197.0,15.0,59.0,
126,ZA2016DHS,ZA,2016,DHS,Completed,South Africa,2016,390,1,Sub-Saharan Africa,Southern Africa,2019-01-01,2019-01-30,"26, 91, 22, 79, 16, 23, 11, 41, 10, 43, 68, 67, 6, 1, 85, 33, 76, 34, 36, 104, 70, 3, 63, 46, 21, 14, 59, 92",Other Data: Domestic Violence (women 18 and above in all households were eligible for DV - including women 50 to 95 years old).,2016-06-01,2016-11-01,Statistics South Africa (STATS SA),750.0,11083.0,All Women,8514.0,15.0,49.0,All Men,3618.0,15.0,59.0,
127,TJ2012DHS,TJ,2012,DHS,Completed,Tajikistan,2012,384,1,Central Asia,Central Asia,2013-11-01,2013-11-20,"31, 16, 24, 10, 6, 26, 21, 32, 75, 14, 20, 22, 34, 36, 13, 3, 68, 76, 30, 101, 33, 79, 93",,2012-07-01,2012-09-01,Statistical Agency under President of the Republic of Tajikistan,354.0,6432.0,All Women,9656.0,15.0,49.0,,,,,
128,TJ2017DHS,TJ,2017,DHS,Completed,Tajikistan,2017,521,1,Central Asia,Central Asia,2018-11-01,2018-12-14,"67, 6, 94, 43, 68, 14, 3, 31, 22, 79, 63, 32, 24, 21, 23, 20, 17, 34, 60, 41, 10, 70, 30, 104, 92, 93, 16",,2017-08-01,2017-11-01,Agency on Statistics under President of the Republic of Tajikistan,366.0,7843.0,All Women,10718.0,15.0,49.0,,,,,
129,TL2009DHS,TL,2009,DHS,Completed,Timor-Leste,2009-10,340,1,South & Southeast Asia,Southeast Asia,2010-12-01,2010-12-17,"41, 10, 31, 57, 6, 1, 11, 26, 59, 33, 13, 36, 34, 24, 21, 8, 3, 22, 79, 101, 20, 17",,2009-08-01,2010-02-01,Research of the National Statistics Directorate of the Ministry of Finance,455.0,11463.0,All Women,13137.0,15.0,49.0,All Men,4076.0,15.0,49.0,
130,TL2016DHS,TL,2016,DHS,Completed,Timor-Leste,2016,514,1,South & Southeast Asia,Southeast Asia,2018-04-01,2018-04-10,"33, 68, 79, 63, 80, 32, 24, 21, 14, 59, 20, 34, 36, 13, 57, 60, 3, 86, 31, 70, 41, 10, 85, 11, 6, 1, 53, 26, 92, 107",,2016-09-01,2016-12-01,The General Directorate of Statistics (GDS) ,455.0,11502.0,All Women,12607.0,15.0,49.0,All Men,4622.0,15.0,59.0,
131,TR1993DHS,TR,1993,DHS,Completed,Turkey,1993,60,1,North Africa/West Asia/Europe,West Asia,1994-10-01,1994-10-01,"10, 16, 22, 17, 34, 78, 101, 69, 74, 3",,1993-08-01,1993-10-01,Hacettepe University Inst. of Pop. Studies/Min. of Health,478.0,8619.0,Ever Married Women,6519.0,12.0,49.0,,,,,
132,TR1998DHS,TR,1998,DHS,Completed,Turkey,1998,168,1,North Africa/West Asia/Europe,West Asia,1999-10-01,1999-10-01,"11, 22, 3, 16, 10, 12, 21, 60, 69, 101, 94",,1998-08-01,1998-11-01,"Hacettepe University, Institute of Population Studies",476.0,8059.0,Ever Married Women,8576.0,15.0,49.0,Husbands,1971.0,,,
133,TR2003DHS,TR,2003,DHS,Completed,Turkey,2003,326,1,North Africa/West Asia/Europe,West Asia,2004-10-01,2004-10-01,"16, 10, 22, 21, 14, 20, 60, 3, 79, 69, 101, 94","DHS was not fully involved in this survey, but provided limited technical assistance on the review and formatting of the final report.",2003-12-01,2004-05-01,"Hacettepe University, Institute of Population Studies",,10836.0,Ever Married Women,8075.0,15.0,49.0,,,,,
134,UG2018MIS,UG,2018,MIS,Completed,Uganda,2018-19,549,1,Sub-Saharan Africa,Eastern Africa,2020-03-01,2020-04-23,"41, 90, 92, 70, 89, 79, 26, 57, 17",,2018-12-01,2019-02-01,"The Uganda Bureau of Statistics (UBOS) and National Malaria Control Programme (NMCP)
",342.0,8351.0,All Women,8231.0,15.0,59.0,,,,,
135,UA2007DHS,UA,2007,DHS,Completed,Ukraine,2007,280,1,North Africa/West Asia/Europe,Eastern Europe,2008-09-01,2008-11-12,"59, 16, 21, 33, 36, 6, 22, 17, 20, 35, 34, 24, 79, 101, 11, 30, 3, 43",,2007-07-01,2007-11-01,Ukranian Center for Social Reforms (UCSR) in close collaboration with the Ukranian State Statistics Committee (USSC),500.0,13379.0,All Women,6841.0,15.0,49.0,All Men,3178.0,15.0,49.0,
136,UZ1996DHS,UZ,1996,DHS,Completed,Uzbekistan,1996,94,1,Central Asia,Central Asia,1997-09-01,1997-09-01,"10, 15, 16, 30, 41, 101",,1996-06-01,1996-10-01,Institute of Obstetrics & Gynecology/Ministry of Health (MOH),168.0,3703.0,All Women,4415.0,15.0,49.0,,,,,
137,VN1997DHS,VN,1997,DHS,Completed,Vietnam,1997,100,1,South & Southeast Asia,Southeast Asia,1999-03-12,1999-03-12,"14, 24, 20, 30, 101, 16, 17, 21, 22, 2, 3",,1997-07-01,1997-10-01,National Committee for Population and Family Planning,205.0,7001.0,Ever Married Women,5664.0,15.0,49.0,,,,,
138,VN2002DHS,VN,2002,DHS,Completed,Vietnam,2002,209,1,South & Southeast Asia,Southeast Asia,2003-09-01,2003-09-01,"16, 14, 24, 21, 22, 17, 101, 3, 30, 2",,2002-10-01,2002-12-01,General Statistical Office,205.0,7048.0,Ever Married Women,5665.0,15.0,49.0,,,,,205.0
139,VN2005AIS,VN,2005,AIS,Completed,Vietnam,2005,261,1,South & Southeast Asia,Southeast Asia,2006-05-01,2006-05-01,"24, 21, 23, 31, 11, 53, 57, 33, 3, 88, 101, 104, 79",,2005-09-01,2005-12-01,"General Statistical Office (GSO), National Institute for Hygience and Epidemiology",251.0,6337.0,All Women,7289.0,15.0,49.0,All Men,6707.0,15.0,49.0,
140,YE1991DHS,YE,1991,DHS,Completed,Yemen,1991-92,36,1,North Africa/West Asia/Europe,West Asia,1994-03-01,1994-03-01,"4, 20, 10, 61, 79, 101, 17",,1991-11-01,1992-01-01,Central Statistical Organization,258.0,12836.0,Ever Married Women,5687.0,15.0,49.0,,,,,
141,YE2013DHS,YE,2013,DHS,Completed,Yemen,2013,358,1,North Africa/West Asia/Europe,West Asia,2015-07-01,2015-07-13,"4, 1, 15, 41, 21, 69, 79, 6, 101, 86, 13, 5, 74, 10, 31, 67, 14, 34, 39, 20, 22, 3, 26, 85",,2013-09-01,2013-11-01,Ministry of Public Health and Population (MoPHP) ,800.0,17351.0,All Women,25434.0,15.0,49.0,,,,,
142,ZM2018DHS,ZM,2018,DHS,Completed,Zambia,2018,542,1,Sub-Saharan Africa,Eastern Africa,2020-01-01,2020-02-18,"41, 10, 39, 23, 14, 6, 1, 59, 92, 26, 100, 17, 60, 31, 32, 57, 70, 11, 22, 20, 13, 68, 63, 69, 34, 79, 104, 91",,2018-07-01,2019-01-01,Central Statistical Office (CSO),545.0,12831.0,All Women,13683.0,15.0,49.0,All Men,12132.0,15.0,59.0,
