SurveyId,DHS_CountryCode,ISO_2,ISO_3,SurveyYear,SurveyType,SurveyStatus,CountryName,SurveyYearLabel,SurveyNum,IndicatorData,RegionName,SubregionName,PublicationDate,ReleaseDate,SurveyCharacteristicIds,Footnotes,FieldworkStart,FieldworkEnd,ImplementingOrg,NumberOfSamplePoints,NumberofHouseholds,UniverseOfWomen,NumberOfWomen,MinAgeWomen,MaxAgeWomen,UniverseOfMen,NumberOfMen,MinAgeMen,MaxAgeMen,NumberOfFacilities
AF2015DHS,AF,AF,AFG,2015,DHS,Completed,Afghanistan,2015,471,1,South & Southeast Asia,South Asia,01/01/2017,15/02/2017,"92, 39, 6, 1, 79, 31, 14, 57, 8, 34, 17, 22, 20, 24, 21, 13, 36, 59, 3, 11, 26",,01/06/2015,01/02/2016,Central Statistics Organization (CSO) and Ministry of Public Health (MoPH),950,24395,Ever Married Women,29461,15,49,Ever Married Men,10760,15,49,
AL2002RHS,AL,AL,ALB,2002,RHS,Completed,Albania,2002,378,1,North Africa/West Asia/Europe,Southern Europe,,,,CDC-RHS survey,01/08/2002,01/12/2002,,,,,,,,,,,,
AL2008DHS,AL,AL,ALB,2008,DHS,Completed,Albania,2008-09,327,1,North Africa/West Asia/Europe,Southern Europe,01/03/2010,15/03/2010,"33, 10, 43, 41, 31, 22, 26, 24, 21, 59, 11, 34, 60, 14, 32, 16, 86, 69, 3, 67, 70, 79, 20, 85",,01/10/2008,01/04/2009,Institute of Statistics (INSTAT) and Institute of Public Health (IShP),450,7999,All Women,7584,15,49,All Men,3013,15,49,
AO2006MIS,AO,AO,AGO,2006,MIS,Completed,Angola,2006-07,282,1,Sub-Saharan Africa,Middle Africa,01/11/2007,27/02/2008,"8, 41, 57, 36, 68, 63, 61, 26, 79, 89",,01/11/2006,01/04/2007,"COSEP, CONSAÚDE",120,2599,All Women,2973,15,49,,,,,
AO2011MIS,AO,AO,AGO,2011,MIS,Completed,Angola,2011,395,1,Sub-Saharan Africa,Middle Africa,01/12/2011,24/01/2012,"79, 90, 41, 26, 57, 8, 17, 89",,01/01/2011,01/05/2011,CONSAÚDE and COSEP,320,8030,All Women,8589,15,49,,,,,
AO2015DHS,AO,AO,AGO,2015,DHS,Completed,Angola,2015-16,477,1,Sub-Saharan Africa,Middle Africa,01/06/2017,30/06/2017,"91, 15, 59, 33, 31, 22, 32, 26, 24, 21, 14, 57, 8, 20, 17, 34, 5, 6, 60, 3, 69, 79, 23, 41, 10, 70, 11, 1, 89, 85",,01/11/2015,01/02/2016,Instituto Nacional de Estatistica (INE) ,627,16109,All Women,14379,15,49,All Men,5684,15,54,
AM2000DHS,AM,AM,ARM,2000,DHS,Completed,Armenia,2000,203,1,North Africa/West Asia/Europe,West Asia,01/12/2001,01/12/2001,"10, 11, 15, 16, 24, 22, 21, 34, 3, 86, 41, 36, 75, 76, 30, 20, 79, 14, 33, 63, 31",,01/10/2000,01/12/2000,National Statistical Service/MOH,260,5980,All Women,6430,15,49,All Men,1719,15,54,
AM2005DHS,AM,AM,ARM,2005,DHS,Completed,Armenia,2005,262,1,North Africa/West Asia/Europe,West Asia,01/12/2006,01/12/2006,"16, 24, 21, 10, 22, 26, 14, 30, 13, 3, 20, 36, 34, 33, 41, 43, 75, 76, 31, 79, 11",,01/09/2005,01/12/2005,"National Statistic Service (NSS), MOH Center for Health Information and Statistics (MOH)",308,6707,All Women,6566,15,49,All Men,1447,15,49,
AM2010DHS,AM,AM,ARM,2010,DHS,Completed,Armenia,2010,354,1,North Africa/West Asia/Europe,West Asia,01/02/2012,01/05/2012,"16, 10, 30, 68, 63, 3, 69, 75, 76, 77, 79, 67, 5, 15, 31, 38, 24, 21, 11, 20, 22, 34, 26",,01/10/2010,01/12/2010,The National Statistical Service of The Republic of Armenia and the Ministry of Health ,308,6700,All Women,5922,15,49,All Men,1584,15,49,
AZ2001RHS,AZ,AZ,AZE,2001,RHS,Completed,Azerbaijan,2001,408,1,North Africa/West Asia/Europe,West Asia,,,,CDC-RHS survey,01/04/2001,01/07/2001,,,,,,,,,,,,
AZ2006DHS,AZ,AZ,AZE,2006,DHS,Completed,Azerbaijan,2006,279,1,North Africa/West Asia/Europe,West Asia,01/05/2008,06/08/2008,"6, 16, 24, 21, 15, 10, 31, 22, 14, 30, 36, 34, 13, 11, 43, 32, 20, 59, 67, 69, 41, 79, 86, 33, 63, 3",,01/07/2006,01/11/2006,State Statistical Committee of Azerbaijan,350,7180,All Women,8444,15,49,All Men,2558,15,59,
BD1994DHS,BD,BD,BGD,1994,DHS,Completed,Bangladesh,1993-94,59,1,South & Southeast Asia,South Asia,01/12/1994,01/12/1994,"11, 22, 2, 20, 17, 5, 16, 13, 12, 3","Data collected for women 10-49,  indicators calculated for women 15-49.  A total of 304 primary sampling units were selected, but fieldwork in 3 sample points was not possible.",01/11/1993,01/03/1994,Mitra & Associates/ NIPORT,301,9174,Ever Married Women,9640,10,49,Husbands,3284,,,301
BD1997DHS,BD,BD,BGD,1997,DHS,Completed,Bangladesh,1996-97,89,1,South & Southeast Asia,South Asia,01/12/1997,01/12/1997,"2, 10, 11, 21, 22, 24, 17, 16","Data collected for women 10-49,  indicators calculated for women 15-49",01/11/1996,01/03/1997,Mitra & Associates/ NIPORT,313,8682,Ever Married Women,9127,10,49,Currently Married Men,3346,15,59,310
BD2000DHS,BD,BD,BGD,2000,DHS,Completed,Bangladesh,1999-00,135,1,South & Southeast Asia,South Asia,01/05/2001,01/05/2001,"10, 11, 21, 22, 26, 5, 3, 17, 86, 16, 20","Data collected for women 10-49,  indicators calculated for women 15-49",01/11/1999,01/03/2000,Mitra & Associates / NIPORT,341,9854,Ever Married Women,10544,10,49,Currently Married Men,2556,15,59,
BD2004DHS,BD,BD,BGD,2004,DHS,Completed,Bangladesh,2004,236,1,South & Southeast Asia,South Asia,01/05/2005,01/05/2005,"24, 21, 10, 22, 26, 20, 13, 6, 9, 3, 36, 2, 17, 34, 71, 32, 5, 11, 61, 79, 16","Data collected for women 10-49,  indicators calculated for women 15-49",01/01/2004,01/05/2004,Mitra & Associates,361,10500,Ever Married Women,11440,10,49,All Men,4297,15,54,
BD2007DHS,BD,BD,BGD,2007,DHS,Completed,Bangladesh,2007,287,1,South & Southeast Asia,South Asia,01/03/2009,24/03/2009,"11, 22, 21, 36, 24, 34, 26, 20, 13, 60, 5, 86, 10, 6, 2, 16, 79, 33, 3","Data collected for women 10-49, indicators calculated for women 15-49",01/03/2007,01/08/2007,National Institute for Population Research and Training (NIPORT),361,10400,Ever Married Women,10996,15,49,Ever Married Men,3771,15,54,
BD2011DHS,BD,BD,BGD,2011,DHS,Completed,Bangladesh,2011,349,1,South & Southeast Asia,South Asia,01/01/2013,04/02/2013,"5, 41, 43, 46, 86, 22, 2, 15, 31, 68, 63, 24, 21, 14, 20, 17, 34, 13, 3, 10, 11, 61, 9, 26, 79",,01/07/2011,01/12/2011,National Institute of Population Research and Training (NIPORT) and Mitra and Associates of Dhaka,600,17141,Ever Married Women,17842,12,49,Ever Married Men,3997,15,54,
BD2014DHS,BD,BD,BGD,2014,DHS,Completed,Bangladesh,2014,461,1,South & Southeast Asia,South Asia,01/03/2016,23/03/2016,"16, 2, 31, 20, 22, 17, 13, 5, 3, 79, 10, 26, 24, 21",,01/07/2014,01/10/2014,National Institute of Population Research and Training (NIPORT) and Mitra and Associates of Dhaka,,17300,Ever Married Women,17863,15,49,,,,,
BJ1996DHS,BJ,BJ,BEN,1996,DHS,Completed,Benin,1996,87,1,Sub-Saharan Africa,Western Africa,01/04/1997,01/04/1997,"1, 2, 21, 24, 11, 32, 20, 13, 26, 17, 79, 10",,01/06/1996,01/08/1996,Institute National de la Statistique,200,4499,All Women,5491,15,49,All Men,1535,20,64,200
BJ2001DHS,BJ,BJ,BEN,2001,DHS,Completed,Benin,2001,211,1,Sub-Saharan Africa,Western Africa,01/06/2002,01/06/2002,"11, 24, 20, 14, 3, 34, 41, 79, 33, 31, 13, 21, 15, 10, 26, 4, 8, 2",,01/08/2001,01/11/2001,Institut National de la Statistique et de l'Analyse Economique,247,5769,All Women,6219,15,49,All Men,2709,15,64,247
BJ2006DHS,BJ,BJ,BEN,2006,DHS,Completed,Benin,2006,289,1,Sub-Saharan Africa,Western Africa,01/11/2007,22/01/2008,"1, 60, 24, 21, 23, 11, 4, 34, 10, 57, 59, 36, 2, 31, 37, 20, 22, 17, 41, 14, 8, 5, 79, 3, 33","The HIV Test Data were not scrambled, and are therefore not available for analysis.",01/08/2006,01/11/2006,"National Institute of Statistics and Economic Analysis (INSAE) in collaboration with AIDS"" National Program (PNLA) for HIV testing component",750,17511,All Women,17794,15,49,All Men,5321,15,64,
BJ2012DHS,BJ,BJ,BEN,2012,DHS,Completed,Benin,2011-12,420,1,Sub-Saharan Africa,Western Africa,01/10/2013,11/02/2014,"20, 17, 43, 23, 55, 69, 86, 41, 11, 10, 60, 26, 79, 89, 39, 5, 4, 59, 14, 57, 8, 22, 3, 34, 31, 63, 24, 21, 90","The HIV Test Data were not scrambled, and are therefore not available for analysis.",01/12/2011,01/03/2012,"The Institut National de l’Analyse Économique (INSAE), of the Ministry of Plan",750,17422,All Women,16599,15,49,All Men,5180,15,64,
BO1989DHS,BO,BO,BOL,1989,DHS,Completed,Bolivia,1989,28,1,Latin America & Caribbean,South America,01/01/1990,01/01/1990,"60, 17, 69, 61, 1, 10, 20, 9, 3",,01/03/1989,01/07/1989,Instituto Nacional de Estadística (INE),676,8439,All Women,7923,15,49,,,,,
BO1994DHS,BO,BO,BOL,1994,DHS,Completed,Bolivia,1994,65,1,Latin America & Caribbean,South America,01/10/1994,01/10/1994,"2, 21, 22, 24, 1, 10, 61, 14, 79",,01/11/1993,01/05/1994,Instituto Nacional de Estadística (INE),616,9114,All Women,8603,15,49,,,,,624
BO1998DHS,BO,BO,BOL,1998,DHS,Completed,Bolivia,1998,98,1,Latin America & Caribbean,South America,01/12/1998,01/12/1998,"21, 24, 15, 14, 69, 41, 79, 10, 11, 85",,01/03/1998,01/09/1998,"Instituto Nacional de Estadistica, INE",,12109,All Women,11187,15,49,All Men,3780,15,64,
BO2003DHS,BO,BO,BOL,2003,DHS,Completed,Bolivia,2003,238,1,Latin America & Caribbean,South America,01/11/2004,01/11/2004,"11, 6, 24, 21, 31, 15, 41, 14, 69, 16, 68, 13, 34, 67, 10, 1, 20, 33, 79, 3, 22, 76, 85, 32",,01/08/2003,01/01/2004,"Instituto Nacional de Estadistica, INE",1000,19207,All Women,17654,15,49,All Men,6230,15,64,
BO2008DHS,BO,BO,BOL,2008,DHS,Completed,Bolivia,2008,319,1,Latin America & Caribbean,South America,01/10/2009,30/12/2009,"32, 11, 41, 10, 22, 6, 1, 33, 34, 24, 21, 14, 13, 16, 67, 31, 36, 20, 79, 69, 26, 3, 85",,01/02/2008,01/06/2008,"Instituto Nacional de Estadistica, Ministerio de Salud y Deportes, Programa Reforma de Salud e Instituto Nacional de Estadística",1000,19564,All Women,16939,15,49,All Men,6054,15,64,
BT1988DHS,BT,BW,BWA,1988,DHS,Completed,Botswana,1988,23,1,Sub-Saharan Africa,Southern Africa,01/08/1989,01/08/1989,"79, 3, 21, 20, 17",,01/08/1988,01/12/1988,"Family Health Division of the Ministry of Health, and Central Statistics Office of the Ministry of Finance and Development Planning",156,4473,All Women,4368,15,49,,,,,
BR1986DHS,BR,BR,BRA,1986,DHS,Completed,Brazil,1986,2,1,Latin America & Caribbean,South America,01/12/1987,01/12/1987,"76, 34, 10, 16, 17",Data collected for women 15-44,01/05/1986,01/08/1986,Sociedad Civil Bem-Estar Familiar no Brasil (BEMFAM),,8408,All Women,5892,15,44,,,,,
BR1996DHS,BR,BR,BRA,1996,DHS,Completed,Brazil,1996,85,1,Latin America & Caribbean,South America,01/03/1997,01/03/1997,"22, 21, 1, 20, 34, 10, 14, 17, 13, 3, 11, 76",,01/03/1996,01/06/1996,Sociedad Civil Bem-Estar Familiar no Brasil (BEMFAM),,13283,All Women,12612,15,49,All Men,2949,15,59,
BF1993DHS,BF,BF,BFA,1993,DHS,Completed,Burkina Faso,1993,42,1,Sub-Saharan Africa,Western Africa,01/06/1994,01/06/1994,"2, 11, 21, 24, 26, 10, 74",,01/12/1992,01/03/1993,Institut National de la Statistique et de la Démographie (INSD),230,5143,All Women,6354,15,49,All Men,1845,18,,222
BF1999DHS,BF,BF,BFA,1999,DHS,Completed,Burkina Faso,1998-99,116,1,Sub-Saharan Africa,Western Africa,01/05/2000,01/05/2000,"1, 4, 11, 21, 24, 26, 10",,01/11/1998,01/03/1999,Institut National de la Statistique et de la Démographie  (INSD),210,4812,All Women,6445,15,49,All Men,2641,15,59,
BF2003DHS,BF,BF,BFA,2003,DHS,Completed,Burkina Faso,2003,230,1,Sub-Saharan Africa,Western Africa,01/09/2004,01/09/2004,"4, 31, 14, 17, 36, 57, 34, 22, 41, 24, 23, 10, 11, 13, 59, 79, 33, 3, 21, 15, 26",,01/06/2003,01/11/2003,Institut National de la Statistique et de la Démographie (INSD),400,9097,All Women,12477,15,49,All Men,3605,15,59,
BF2010DHS,BF,BF,BFA,2010,DHS,Completed,Burkina Faso,2010,329,1,Sub-Saharan Africa,Western Africa,01/04/2012,08/10/2012,"41, 24, 21, 23, 6, 4, 1, 5, 59, 69, 26, 75, 76, 20, 22, 17, 34, 13, 3, 79, 11, 39, 10, 31, 14, 57, 8, 33, 90, 89",,01/05/2010,01/01/2011,"The Institut National de la Statistique et de la Démographie (INSD), of the Ministry of Economy and Plan (MOEP) in collaboration with the Ministry of Health (MOH)",574,14424,All Women,17087,15,49,All Men,7307,15,59,
BF2014MIS,BF,BF,BFA,2014,MIS,Completed,Burkina Faso,2014,481,1,Sub-Saharan Africa,Western Africa,01/07/2015,16/10/2015,"41, 15, 79, 90, 89, 26",,01/09/2014,01/10/2014,The National Institute of Statistics and Demography (Institute  National de la Statistique et de la Demographie - INSD) ,162,6448,All Women,8111,15,49,,,,,
BU1987DHS,BU,BI,BDI,1987,DHS,Completed,Burundi,1987,16,1,Sub-Saharan Africa,Eastern Africa,01/10/1988,01/10/1988,"2, 12, 11, 10, 79",,01/03/1987,01/07/1987,Institut National de la Statistique et de la Démographie (INSD),,3868,All Women,3970,15,49,Husbands,542,,,99
BU2010DHS,BU,BI,BDI,2010,DHS,Completed,Burundi,2010,346,1,Sub-Saharan Africa,Eastern Africa,01/05/2012,27/07/2012,"1, 31, 14, 57, 8, 59, 20, 22, 17, 34, 13, 5, 3, 41, 10, 26, 69, 11, 24, 21, 23, 79",,01/08/2010,01/01/2011,Institut de Statistiques et d'Études Économiques (ISTEEBU),376,8596,All Women,9389,15,49,All Men,4280,15,59,
BU2012MIS,BU,BI,BDI,2012,MIS,Completed,Burundi,2012,446,1,Sub-Saharan Africa,Eastern Africa,01/06/2013,03/09/2013,"26, 20, 57, 15, 41, 79, 90, 89, 8",,01/11/2012,01/01/2013,Institut National de Statistique et d’Études Économiques (ISTEEBU),200,4866,All Women,5149,15,49,,,,,
KH2000DHS,KH,KH,KHM,2000,DHS,Completed,Cambodia,2000,140,1,South & Southeast Asia,Southeast Asia,01/06/2001,01/06/2001,"1, 3, 6, 15, 21, 24, 26, 61, 9, 41, 10, 20, 31, 33, 16, 14, 13",,01/02/2000,01/07/2000,National Institute of Statistics/Ministry of Health,,12236,All Women,15351,15,49,,,,,
KH2005DHS,KH,KH,KHM,2005,DHS,Completed,Cambodia,2005,257,1,South & Southeast Asia,Southeast Asia,01/12/2006,01/12/2006,"16, 24, 21, 6, 1, 3, 23, 10, 11, 15, 31, 14, 34, 57, 17, 36, 13, 61, 41, 59, 20, 79, 26, 33, 88",,01/09/2005,01/03/2006,Ministry of Planning/National Institute of Statistics,557,14243,All Women,16823,15,49,All Men,6731,15,49,
KH2010DHS,KH,KH,KHM,2010,DHS,Completed,Cambodia,2010,310,1,South & Southeast Asia,Southeast Asia,01/09/2011,24/10/2011,"32, 16, 15, 41, 10, 31, 22, 26, 38, 24, 21, 14, 11, 20, 34, 13, 1, 3, 17, 69, 79","The couples dataset could not be generated, since we did not collect data for MV034 (Line numbers of wives, partners) in the Men’s questionnaire.",01/07/2010,01/01/2011,National Institute of Statistics (NIS),611,15667,All Women,18754,15,49,All Men,8239,15,49,
KH2014DHS,KH,KH,KHM,2014,DHS,Completed,Cambodia,2014,464,1,South & Southeast Asia,Southeast Asia,01/09/2015,20/10/2015,"22, 11, 26, 31, 38, 69, 24, 21, 14, 20, 17, 34, 13, 87, 15, 16, 41, 10, 32, 6, 1, 79, 33, 3, 85, 80",,01/06/2014,01/12/2014,National Institute of Statistics (NIS – Ministry of Planning) in collaboration with the Ministry of Health (MoH)).,611,15825,All Women,17578,15,49,All Men,5190,15,49,
CM1991DHS,CM,CM,CMR,1991,DHS,Completed,Cameroon,1991,38,1,Sub-Saharan Africa,Middle Africa,01/12/1992,01/12/1992,"2, 12, 10, 61, 26, 11",,01/04/1991,01/09/1991,Ministère du Plan et de l’Aménagement du Territoire,149,3538,All Women,3871,15,49,Husbands,814,,,149
CM1998DHS,CM,CM,CMR,1998,DHS,Completed,Cameroon,1998,101,1,Sub-Saharan Africa,Middle Africa,01/03/1999,01/03/1999,"1, 11, 21, 24, 14, 16, 10, 26",,01/02/1998,01/06/1998,Bureau Central des Recensements et Études de Population,203,4697,All Women,5501,15,49,All Men,2562,15,59,
CM2004DHS,CM,CM,CMR,2004,DHS,Completed,Cameroon,2004,232,1,Sub-Saharan Africa,Middle Africa,01/06/2005,01/06/2005,"57, 34, 16, 41, 20, 33, 24, 21, 23, 15, 31, 14, 11, 13, 4, 1, 26, 6, 10, 59, 3, 79",,01/02/2004,01/08/2004,Institut National de la Statistique,466,10462,All Women,10656,15,49,All Men,5280,15,59,
CM2011DHS,CM,CM,CMR,2011,DHS,Completed,Cameroon,2011,337,1,Sub-Saharan Africa,Middle Africa,01/09/2012,10/12/2012,"24, 21, 23, 11, 39, 69, 16, 15, 10, 31, 32, 38, 14, 57, 8, 59, 34, 13, 5, 6, 33, 1, 3, 26, 20, 87, 41, 55, 80, 79, 89, 85",,01/01/2011,01/08/2011,Institut National de la Statistique (INS),580,14214,All Women,15426,15,49,All Men,7191,15,59,
CV1998RHS,CV,CV,CPV,1998,RHS,Completed,Cape Verde,1998,418,1,Sub-Saharan Africa,Western Africa,,,,CDC-RHS survey,01/03/1998,01/08/1998,,,,,,,,,,,,
CF1994DHS,CF,CF,CAF,1994,DHS,Completed,Central African Republic,1994-95,66,1,Sub-Saharan Africa,Middle Africa,01/12/1995,01/12/1995,"1, 2, 4, 11, 21, 24, 14, 26, 10, 61, 3",,01/09/1994,01/03/1995,Direction des Statistiques Démographiques et Sociales,231,5551,All Women,5884,15,49,All Men,1729,15,59,231
TD1997DHS,TD,TD,TCD,1997,DHS,Completed,Chad,1996-97,83,1,Sub-Saharan Africa,Middle Africa,01/05/1998,01/05/1998,"1, 2, 11, 21, 24, 10, 61, 14, 3",,01/12/1996,01/07/1997,Bureau Central du Recensement,,6840,All Women,7454,15,49,All Men,2320,15,59,246
TD2004DHS,TD,TD,TCD,2004,DHS,Completed,Chad,2004,215,1,Sub-Saharan Africa,Middle Africa,01/09/2005,01/09/2005,"36, 16, 24, 10, 11, 13, 4, 2, 21, 14, 20, 5, 1, 31, 3",,01/07/2004,01/12/2005,"Institut National de la Statistique, des Études Économiques et Démographiques (INSEED)",196,5369,All Women,6085,15,49,All Men,1887,15,59,196
TD2014DHS,TD,TD,TCD,2014,DHS,Completed,Chad,2014-15,465,1,Sub-Saharan Africa,Middle Africa,01/05/2016,11/07/2016,"10, 33, 67, 32, 39, 34, 5, 6, 4, 1, 24, 21, 23, 11, 3, 85, 79, 80, 26",,01/10/2014,01/04/2015,"Institut National de la Statistique, des Études Économique et Démographiques (INSEED)",626,17233,All Women,17719,15,49,All Men,5248,15,59,
CO1986DHS,CO,CO,COL,1986,DHS,Completed,Colombia,1986,4,1,Latin America & Caribbean,South America,01/03/1988,01/03/1988,"2, 10",,01/09/1986,01/12/1986,Corporación Centro Regional de Población/Ministerio de Salud de Colombia,,4273,All Women,5329,15,49,,,,,181
CO1990DHS,CO,CO,COL,1990,DHS,Completed,Colombia,1990,30,1,Latin America & Caribbean,South America,01/06/1991,01/06/1991,"22, 20, 76, 6, 17, 24, 21, 79, 60",,01/05/1990,01/08/1990,PROFAMILIA,,7412,All Women,8644,15,49,,,,,
CO1995DHS,CO,CO,COL,1995,DHS,Completed,Colombia,1995,72,1,Latin America & Caribbean,South America,01/10/1995,01/10/1995,"21, 22, 24, 67, 79, 69, 10, 60, 20, 33, 3, 6, 74",,01/03/1995,01/06/1995,PROFAMILIA,,10112,All Women,11140,15,49,,,,,
CO2000DHS,CO,CO,COL,2000,DHS,Completed,Colombia,2000,141,1,Latin America & Caribbean,South America,01/10/2000,01/10/2000,"6, 24, 21, 36, 33, 60, 16, 69, 32, 20, 79, 10, 22, 34, 67, 3, 31, 5, 74, 8","Although testing salt for iodine appears in the household questionnare, it was not implemented.",01/02/2000,01/06/2000,PROFAMILIA,1023,10907,All Women,11585,15,49,,,,,
CO2005DHS,CO,CO,COL,2005,DHS,Completed,Colombia,2005,255,1,Latin America & Caribbean,South America,01/11/2005,01/11/2005,"34, 16, 36, 69, 67, 70, 33, 21, 15, 10, 31, 22, 32, 20, 17, 13, 6, 75, 76, 79, 3, 74",,01/10/2004,01/06/2005,Profamilia,3935,37211,All Women,41344,13,49,,,,,
CO2010DHS,CO,CO,COL,2010,DHS,Completed,Colombia,2010,381,1,Latin America & Caribbean,South America,01/02/2011,17/03/2011,"10, 22, 26, 24, 21, 34, 33, 20, 8, 79, 69, 70, 67, 6, 32, 17, 16, 5, 31, 76, 3, 85",Other Data (COOD60FL.ZIP) - Contains data collected on Cytology and the Elderly.,01/11/2009,01/11/2010,PROFAMILIA,5000,51447,All Women,53521,13,49,,,,,
CO2015DHS,CO,CO,COL,2015,DHS,Completed,Colombia,2015,476,1,Latin America & Caribbean,South America,01/01/2017,13/04/2017,"31, 32, 69, 24, 21, 20, 34, 5, 22, 79, 75, 76, 11, 77, 6, 1, 60, 3, 67, 33, 16, 70, 85",,01/02/2015,01/03/2016,PROFAMILIA,,44614,All Women,38718,13,49,All Men,35783,13,59,
KM1996DHS,KM,KM,COM,1996,DHS,Completed,Comoros,1996,93,1,Sub-Saharan Africa,Eastern Africa,01/03/1997,01/03/1997,"11, 21, 24, 10, 3",,01/03/1996,01/05/1996,Centre National de Documentation et de Recherche Scientifique,100,2252,All Women,3050,15,49,All Men,795,15,64,
KM2012DHS,KM,KM,COM,2012,DHS,Completed,Comoros,2012,443,1,Sub-Saharan Africa,Eastern Africa,01/02/2014,05/06/2014,"11, 10, 31, 32, 39, 24, 21, 14, 57, 8, 20, 22, 17, 34, 13, 5, 6, 1, 3, 26, 33, 69, 59, 79",,01/08/2012,01/12/2012,Direction General de la Statistique et de la Prospective (DGSP),252,4482,All Women,5329,15,49,All Men,2167,15,59,
CG2005DHS,CG,CG,COG,2005,DHS,Completed,Congo,2005,267,1,Sub-Saharan Africa,Middle Africa,01/07/2006,01/07/2006,"57, 16, 59, 24, 21, 15, 10, 31, 14, 11, 20, 13, 1, 41, 33, 3, 79",,01/07/2005,01/11/2005,Centre National de la Statistique et des Etudes Economiques,225,5879,All Women,7051,15,49,All Men,3146,15,59,
CG2009AIS,CG,CG,COG,2009,AIS,Completed,Congo,2009,370,1,Sub-Saharan Africa,Middle Africa,01/11/2009,22/04/2010,"24, 21, 23, 11, 59, 79",,01/03/2009,01/06/2009,Centre National de la Statistique et des Etudes Economiques,241,7096,All Women,6550,15,49,All Men,5863,15,49,
CG2011DHS,CG,CG,COG,2011,DHS,Completed,Congo,2011-12,388,1,Sub-Saharan Africa,Middle Africa,01/12/2012,15/10/2013,"16, 31, 32, 39, 14, 57, 20, 34, 13, 1, 3, 59, 69, 41, 10, 67, 24, 21, 8, 11, 5, 79, 80",,01/09/2011,01/02/2012,"Centre National de la Statistique et des Études Économiques (CNSEE) (Ministère de l’Économie, du Plan, de l’Aménagement du Territoire et de l’Intégration)",384,11632,All Women,10819,15,49,All Men,5145,15,59,
CD2007DHS,CD,CD,COD,2007,DHS,Completed,Congo Democratic Republic,2007,239,1,Sub-Saharan Africa,Middle Africa,01/08/2008,29/08/2008,"37, 34, 6, 57, 79, 41, 59, 24, 21, 23, 10, 31, 32, 26, 14, 11, 20, 13, 5, 1, 39, 33, 3",,01/01/2007,01/08/2007,Under the direction of the Ministry of Planning,400,8886,All Women,9995,15,49,All Men,4757,15,59,
CD2013DHS,CD,CD,COD,2013,DHS,Completed,Congo Democratic Republic,2013-14,421,1,Sub-Saharan Africa,Middle Africa,01/09/2014,03/10/2014,"15, 41, 23, 55, 10, 6, 1, 11, 17, 79, 31, 67, 32, 26, 24, 21, 14, 57, 8, 20, 34, 5, 3, 87, 69, 38, 33, 90, 89, 80, 85",,01/08/2013,01/02/2014,Ministry of Planning,540,18171,All Women,18827,15,49,All Men,8656,15,59,
CI1994DHS,CI,CI,CIV,1994,DHS,Completed,Cote d'Ivoire,1994,62,1,Sub-Saharan Africa,Western Africa,01/12/1994,01/12/1994,"1, 2, 11, 21, 26, 10",,01/06/1994,01/11/1994,Institut National de la Statistique (INS),246,5935,All Women,8099,15,49,All Men,2552,15,59,245
CI1998DHS,CI,CI,CIV,1998,DHS,Completed,Cote d'Ivoire,1998-99,106,1,Sub-Saharan Africa,Western Africa,01/12/2001,01/12/2001,"21, 24, 10, 11, 26, 4",,01/09/1998,01/03/1999,Institut National de la Statistique (INS),140,2122,All Women,3040,15,49,All Men,886,15,59,
CI2005AIS,CI,CI,CIV,2005,AIS,Completed,Cote d'Ivoire,2005,231,1,Sub-Saharan Africa,Western Africa,01/12/2006,01/12/2006,"24, 21, 23, 1, 11, 53, 57, 31, 8, 3, 59, 88, 37, 6, 4, 33",,01/08/2005,01/10/2005,Institut National de la Statistique (INS),253,4368,All Women,5183,15,49,All Men,4503,15,49,
CI2012DHS,CI,CI,CIV,2012,DHS,Completed,Cote d'Ivoire,2011-12,311,1,Sub-Saharan Africa,Western Africa,01/06/2013,12/09/2013,"6, 89, 10, 41, 39, 31, 5, 79, 32, 14, 34, 33, 57, 8, 20, 17, 13, 3, 59, 4, 26, 16, 69, 75, 76, 11, 1, 24, 21, 23, 55, 90","A man’s survey will be carried out in one half of the sample, where HIV, anemia and parasitemia testing will also be part of the DHS.",01/12/2011,01/05/2012,"Ministère de la Santé et de la Lutte contre le Sida (MSLS), Institut National de la Statistique(INS) ",352,9686,All Women,10060,15,49,All Men,5135,15,59,
DR1986DHS,DR,DO,DOM,1986,DHS,Completed,Dominican Republic,1986,5,1,Latin America & Caribbean,Caribbean,01/12/1987,01/12/1987,"10, 2, 79",,01/09/1986,01/12/1986,Consejo Nacional de Población y Familia,,7152,All Women,7649,15,49,,,,,602
DR1991DHS,DR,DO,DOM,1991,DHS,Completed,Dominican Republic,1991,37,1,Latin America & Caribbean,Caribbean,01/12/1991,01/12/1991,"2, 22, 10, 21, 17, 60, 79, 74",,01/07/1991,01/11/1991,Asociación Dominicana Pro-Bienestar de la Familia,,7144,All Women,7320,15,49,,,,,396
DR1996DHS,DR,DO,DOM,1996,DHS,Completed,Dominican Republic,1996,92,1,Latin America & Caribbean,Caribbean,01/06/1997,01/06/1997,"21, 22, 24, 1, 79, 10, 69, 14, 11, 38, 5, 60",,01/09/1996,01/12/1996,Centro de Estudios Sociodemograficos (CESDEM)/PROFAMILIA,425,8831,All Women,8422,15,49,All Men,2279,15,64,
DR1999DHS,DR,DO,DOM,1999,DHS,Completed,Dominican Republic,1999,142,1,Latin America & Caribbean,Caribbean,01/09/2001,01/09/2001,"3, 6, 11, 21, 22, 24",,01/08/1999,01/12/1999,Centro de Estudios Sociodemograficos (CESDEM),,1381,All Women,1286,15,49,All Men,1112,15,64,
DR2002DHS,DR,DO,DOM,2002,DHS,Completed,Dominican Republic,2002,210,1,Latin America & Caribbean,Caribbean,01/10/2003,01/10/2003,"24, 36, 3, 23, 21, 10, 11, 32, 20, 33, 69, 22, 6, 1, 79",There is no possibility of linking the HIV Test data to the survey data.,01/07/2002,01/12/2002,"CESDEM, Centro de Estudios Sociodemograficos",1120,27135,All Women,23384,15,49,All Men,2833,15,59,
DR2007DHS,DR,DO,DOM,2007,DHS,Completed,Dominican Republic,2007,291,1,Latin America & Caribbean,Caribbean,01/05/2008,18/06/2008,"24, 21, 23, 1, 10, 20, 6, 38, 36, 11, 34, 75, 76, 69, 60, 26, 59, 33, 31, 13, 3, 79",,01/03/2007,01/08/2007,Center for Demographic Studies  (CESDEM),1428,32431,All Women,27195,15,49,All Men,27975,15,59,
DR2013DHS,DR,DO,DOM,2013,DHS,Completed,Dominican Republic,2013,439,1,Latin America & Caribbean,Caribbean,01/10/2014,22/10/2014,"38, 79, 10, 24, 21, 23, 11, 75, 76, 78, 26, 87, 33, 68, 63, 69, 34, 36, 6, 60, 3",,01/07/2013,01/10/2013,Centro de Estudios Sociales y Demográficos (CESDEM),524,11464,All Women,9372,15,49,All Men,10306,15,59,
EC1987DHS,EC,EC,ECU,1987,DHS,Completed,Ecuador,1987,15,1,Latin America & Caribbean,South America,01/04/1988,01/04/1988,"2, 17",,01/01/1987,01/03/1987,Centro de Estudios de Población y Paternidad Responsable,,4578,All Women,4713,15,49,,,,,196
EC1999RHS,EC,EC,ECU,1999,RHS,Completed,Ecuador,1999,431,1,Latin America & Caribbean,South America,,,,CDC-RHS survey,01/04/1999,01/09/1999,,,,,,,,,,,,
EC2004RHS,EC,EC,ECU,2004,RHS,Completed,Ecuador,2004,379,1,Latin America & Caribbean,South America,,,,CDC-RHS survey,01/03/2004,01/05/2004,,,,,,,,,,,,
EG1988DHS,EG,EG,EGY,1988,DHS,Completed,Egypt,1988,24,1,North Africa/West Asia/Europe,North Africa,01/10/1989,01/10/1989,"1, 17, 2, 3, 5, 10, 61, 79",,01/10/1988,01/01/1989,National Population Council,456,9805,Ever Married Women,8911,15,49,,,,,
EG1992DHS,EG,EG,EGY,1992,DHS,Completed,Egypt,1992,45,1,North Africa/West Asia/Europe,North Africa,01/11/1993,01/11/1993,"12, 22, 79, 60, 26, 11, 10, 17",,01/11/1992,01/02/1993,National Population Council,546,10760,Ever Married Women,9864,15,49,Husbands,2466,,,
EG1995DHS,EG,EG,EGY,1995,DHS,Completed,Egypt,1995,71,1,North Africa/West Asia/Europe,North Africa,01/09/1996,01/09/1996,"3, 4, 22, 16, 32, 26, 10, 6, 5, 79",,01/11/1995,01/01/1996,National Population Council,934,15567,Ever Married Women,14779,15,49,,,,,
EG2000DHS,EG,EG,EGY,2000,DHS,Completed,Egypt,2000,145,1,North Africa/West Asia/Europe,North Africa,01/01/2001,01/01/2001,"4, 22, 15, 13, 3, 34, 26, 32, 20, 41, 79, 53, 14, 10, 5",,01/02/2000,01/04/2000,Nat. Population Council,1000,16957,Ever Married Women,15573,15,49,,,,,
EG2003DHS,EG,EG,EGY,2003,DHS,Completed,Egypt,2003,240,1,North Africa/West Asia/Europe,North Africa,01/01/2004,01/01/2004,"22, 79, 10, 14, 21, 20, 4, 26",,01/05/2003,01/06/2003,El-Zanaty and Associates,490,10089,Ever Married Women,9159,15,49,,,,,
EG2005DHS,EG,EG,EGY,2005,DHS,Completed,Egypt,2005,272,1,North Africa/West Asia/Europe,North Africa,01/02/2006,01/02/2006,"36, 4, 34, 41, 21, 15, 10, 22, 26, 14, 5, 69, 53, 6, 3, 79",,01/04/2005,01/06/2005,"Ministry of Health and Population, National Population Council, El-Zanaty and Associates",682,21972,Ever Married Women,19474,15,49,,,,,
EG2008DHS,EG,EG,EGY,2008,DHS,Completed,Egypt,2008,294,1,North Africa/West Asia/Europe,North Africa,01/03/2009,19/06/2009,"58, 13, 14, 32, 3, 19, 86, 21, 34, 4, 17, 43, 10, 22, 38, 69, 20, 26, 63","Health Issues Subsample: Data Type: Household Raw & Individual Raw - All women age 15-59 interviewed: 6578, All men age 15-59 interviewed: 5430, Households interviewed: 4662.  Sub-survey on health for men and women: Data Type: Other Data",01/03/2008,01/06/2008,Ministry of Health and Population/El-Zanaty and Associates,610,18968,Ever Married Women,16527,15,49,,,,,
EG2014DHS,EG,EG,EGY,2014,DHS,Completed,Egypt,2014,397,1,North Africa/West Asia/Europe,North Africa,01/05/2015,11/05/2015,"16, 22, 10, 32, 4, 26, 85, 31, 14, 34, 67, 5, 6, 69, 20, 17, 13, 15, 41, 33, 80, 3, 24, 21",,01/04/2014,01/06/2014,"Ministry of Health and Population, National Population Council, El-Zanaty and Associates",904,28175,Ever Married Women,21762,15,49,,,,,
ES1985DHS,ES,SV,SLV,1985,DHS,Completed,El Salvador,1985,1,1,Latin America & Caribbean,Central America,01/09/1987,01/09/1987,"20, 17, 79",,01/05/1985,01/07/1985,Associación Demográfica Salvadoreña,175,4922,All Women,5207,15,49,,,,,
ES1998RHS,ES,SV,SLV,1998,RHS,Completed,El Salvador,1998,430,1,Latin America & Caribbean,Central America,,,,CDC-RHS survey,01/04/1998,01/11/1998,,,,,,,,,,,,
ES2002RHS,ES,SV,SLV,2002,RHS,Completed,El Salvador,2002-03,380,1,Latin America & Caribbean,Central America,,,,CDC-RHS survey,01/11/2002,01/06/2003,,,,,,,,,,,,
ES2008RHS,ES,SV,SLV,2008,RHS,Completed,El Salvador,2008,411,1,Latin America & Caribbean,Central America,,,,CDC-RHS survey,01/04/2008,01/08/2008,,,,,,,,,,,,
ER1995DHS,ER,ER,ERI,1995,DHS,Completed,Eritrea,1995,73,1,Sub-Saharan Africa,Eastern Africa,01/03/1997,01/03/1997,"1, 2, 4, 10, 11, 21, 24, 79, 3",,01/09/1995,01/01/1996,Nat. Statistics Office,,5469,All Women,5054,15,49,All Men,1114,15,59,
ER2002DHS,ER,ER,ERI,2002,DHS,Completed,Eritrea,2002,170,1,Sub-Saharan Africa,Eastern Africa,01/05/2003,01/05/2003,"4, 13, 8, 17, 10, 14, 79, 5, 3, 60, 20, 21, 26",,01/03/2002,01/07/2002,National Statistics and Evaluation Office,368,9389,All Women,8754,15,49,,,,,
ET2000DHS,ET,ET,ETH,2000,DHS,Completed,Ethiopia,2000,147,1,Sub-Saharan Africa,Eastern Africa,02/05/2001,02/05/2001,"1, 20, 10, 11, 21, 24, 4, 8, 26, 79, 3, 14",,01/02/2000,01/05/2000,Central Statistical Authority,539,14072,All Women,15367,15,49,All Men,2607,15,59,
ET2005DHS,ET,ET,ETH,2005,DHS,Completed,Ethiopia,2005,248,1,Sub-Saharan Africa,Eastern Africa,01/09/2006,01/09/2006,"33, 36, 57, 59, 34, 79, 41, 24, 21, 23, 15, 10, 31, 22, 26, 14, 11, 20, 17, 13, 4, 1, 39, 3",,01/04/2005,01/08/2005,"Central Statistical Agency, Population and Housing Census Commissions Office (PHCCO)",540,13721,All Women,14070,15,49,All Men,6033,15,59,
ET2011DHS,ET,ET,ETH,2011,DHS,Completed,Ethiopia,2011,359,1,Sub-Saharan Africa,Eastern Africa,01/03/2012,05/04/2012,"23, 41, 10, 33, 22, 24, 21, 14, 20, 36, 34, 5, 1, 17, 59, 13, 11, 79, 69, 26, 3",,01/12/2010,01/05/2011,Central Statistical Agency (CSA),615,16702,All Women,16515,15,49,All Men,14110,15,59,
GA2000DHS,GA,GA,GAB,2000,DHS,Completed,Gabon,2000,148,1,Sub-Saharan Africa,Middle Africa,01/06/2001,01/06/2001,"10, 11, 21, 24, 16, 2, 31, 3, 1, 14, 79",,01/07/2000,01/01/2001,Direction Générale de la Stat. des Etudes Economiques,,6203,All Women,6183,15,49,All Men,2004,15,59,249
GA2012DHS,GA,GA,GAB,2012,DHS,Completed,Gabon,2012,402,1,Sub-Saharan Africa,Middle Africa,01/04/2013,09/07/2013,"23, 6, 33, 24, 21, 14, 34, 13, 5, 3, 41, 16, 10, 26, 69, 1, 11, 32, 31, 57, 8, 20, 59, 79",,01/01/2012,01/05/2012,Direction Générale des Statistiques (DGS) ,336,9755,All Women,8422,15,49,All Men,5654,15,59,
GM2013DHS,GM,GM,GMB,2013,DHS,Completed,Gambia,2013,425,1,Sub-Saharan Africa,Western Africa,01/09/2014,04/05/2015,"90, 89, 23, 41, 10, 14, 8, 11, 69, 22, 17, 15, 57, 79, 34, 20, 31, 85, 33, 24, 21, 6, 4, 1, 3, 13, 32",,01/02/2013,01/04/2013,The Gambia Bureau of Statistics (GBOS),281,6217,All Women,10233,15,49,All Men,3821,15,59,
GE1999RHS,GE,GE,GEO,1999,RHS,Completed,Georgia,1999-2000,415,1,North Africa/West Asia/Europe,West Asia,,,,CDC-RHS survey,01/11/1999,01/03/2000,,,,,,,,,,,,
GE2005RHS,GE,GE,GEO,2005,RHS,Completed,Georgia,2005,377,1,North Africa/West Asia/Europe,West Asia,,,,CDC-RHS survey,01/03/2005,01/08/2005,,,,,,,,,,,,
GH1988DHS,GH,GH,GHA,1988,DHS,Completed,Ghana,1988,25,1,Sub-Saharan Africa,Western Africa,01/09/1989,01/09/1989,"10, 11, 14, 12, 3, 74",,01/02/1988,01/06/1988,Ghana Statistical Service,150,4406,All Women,4488,15,49,Husbands,943,,,
GH1993DHS,GH,GH,GHA,1993,DHS,Completed,Ghana,1993,58,1,Sub-Saharan Africa,Western Africa,01/12/1994,01/12/1994,"10, 11, 21, 60, 1, 74, 20, 17, 5, 85, 26",,01/09/1993,01/02/1994,Ghana Statistical Service,400,5822,All Women,4562,15,49,All Men,1302,15,59,
GH1998DHS,GH,GH,GHA,1998,DHS,Completed,Ghana,1998,151,1,Sub-Saharan Africa,Western Africa,01/10/1999,01/10/1999,"21, 24, 11, 10, 26, 74, 3",,01/11/1998,01/02/1999,Ghana Statistical Service,400,6003,All Women,4843,15,49,All Men,1546,15,59,
GH2003DHS,GH,GH,GHA,2003,DHS,Completed,Ghana,2003,235,1,Sub-Saharan Africa,Western Africa,01/09/2004,01/09/2004,"24, 57, 4, 34, 59, 41, 21, 15, 31, 26, 11, 79, 69, 14, 33, 23, 10, 22, 12, 20, 3",,01/07/2003,01/10/2003,Ghana Statistical Service,412,6251,All Women,5691,15,49,All Men,5015,15,59,
GH2008DHS,GH,GH,GHA,2008,DHS,Completed,Ghana,2008,301,1,Sub-Saharan Africa,Western Africa,01/09/2009,01/10/2009,"9, 10, 33, 61, 41, 11, 36, 17, 15, 20, 3, 31, 69, 57, 22, 26, 59, 8, 24, 21, 6, 34, 79",,01/09/2008,01/11/2008,Ghana Statistical Services/Ministry of Health,412,11778,All Women,4916,15,49,All Men,4568,15,59,
GH2014DHS,GH,GH,GHA,2014,DHS,Completed,Ghana,2014,437,1,Sub-Saharan Africa,Western Africa,01/10/2015,15/10/2015,"59, 22, 23, 41, 10, 43, 68, 69, 11, 36, 79, 14, 32, 89, 3, 78, 26, 80, 90",,01/09/2014,01/12/2014,Ghana Statistical Service (GSS),427,11835,All Women,9396,15,49,All Men,4388,15,59,
GU1987DHS,GU,GT,GTM,1987,DHS,Completed,Guatemala,1987,9,1,Latin America & Caribbean,Central America,01/05/1989,01/05/1989,"2, 10, 33",Data collected for women 15-44,01/09/1987,01/12/1987,Instituto  de Nutrición de Centro Americá y Panamá,,5459,All Women,5160,15,44,,,,,185
GU1995DHS,GU,GT,GTM,1995,DHS,Completed,Guatemala,1995,70,1,Latin America & Caribbean,Central America,01/10/1996,01/10/1996,"21, 22, 24, 38, 14, 20, 17, 1, 10, 69, 3",,01/06/1995,01/12/1995,Instituto Nacional de Estadistica,,11297,All Women,12403,15,49,,,,,
GU1999DHS,GU,GT,GTM,1999,DHS,Completed,Guatemala,1998-99,152,1,Latin America & Caribbean,Central America,01/07/1999,01/07/1999,"17, 41, 22, 76, 15, 10, 14, 13, 60, 3, 79",,01/11/1998,01/05/1999,Instituto Nacional de Estadistica,,5587,All Women,6021,15,49,,,,,
GU2002RHS,GU,GT,GTM,2002,RHS,Completed,Guatemala,2002,376,1,Latin America & Caribbean,Central America,,,,CDC-RHS survey,01/04/2002,01/11/2002,,,,,,,,,,,,
GU2008RHS,GU,GT,GTM,2008,RHS,Completed,Guatemala,2008-09,417,1,Latin America & Caribbean,Central America,,,,CDC-RHS survey,01/10/2008,01/06/2009,,,,,,,,,,,,
GU2015DHS,GU,GT,GTM,2015,DHS,Completed,Guatemala,2014-15,440,1,Latin America & Caribbean,Central America,01/01/2017,24/02/2017,"22, 41, 24, 21, 6, 10, 11, 79, 26, 3","The couples dataset could not be generated, since we did not collect data for MV034 (Line numbers of wives, partners) in the Men’s questionnaire.",01/10/2014,01/06/2015,Instituto de Nutrición de Centro América y Panamá (INCAP) ,864,21383,All Women,25914,15,49,All Men,11145,15,59,
GN1999DHS,GN,GN,GIN,1999,DHS,Completed,Guinea,1999,154,1,Sub-Saharan Africa,Western Africa,01/05/2000,01/05/2000,"1, 2, 4, 11, 21, 24, 10, 57, 8, 26, 14",,01/05/1999,01/07/1999,Direction National de la Statistique et de l'Information,293,5090,All Women,6753,15,49,All Men,1980,15,59,293
GN2005DHS,GN,GN,GIN,2005,DHS,Completed,Guinea,2005,249,1,Sub-Saharan Africa,Western Africa,01/04/2006,01/04/2006,"24, 21, 23, 10, 4, 1, 26, 57, 59, 34, 31, 22, 14, 20, 17, 13, 3, 41, 11, 15, 33, 79",,01/02/2005,01/06/2005,Direction Nationale de la Statistique,295,6282,All Women,7954,15,49,All Men,3174,15,59,
GN2012DHS,GN,GN,GIN,2012,DHS,Completed,Guinea,2012,391,1,Sub-Saharan Africa,Western Africa,01/11/2013,30/01/2014,"41, 23, 55, 10, 31, 32, 39, 26, 24, 21, 14, 57, 8, 59, 11, 20, 37, 34, 13, 5, 4, 1, 3, 90, 89, 79",,01/06/2012,01/10/2012,Institut National de la Statistique,300,7109,All Women,9142,15,49,All Men,3782,15,59,
GY2005AIS,GY,GY,GUY,2005,AIS,Completed,Guyana,2005,243,1,Latin America & Caribbean,South America,01/08/2006,01/08/2006,"24, 21, 31, 36, 53, 57, 79, 11, 33",,01/06/2005,01/09/2005,Guyana Responsible Parenthood Association,120,2608,All Women,2425,15,49,All Men,1875,15,49,
GY2009DHS,GY,GY,GUY,2009,DHS,Completed,Guyana,2009,309,1,Latin America & Caribbean,South America,01/10/2010,08/07/2011,"33, 15, 41, 10, 31, 22, 32, 26, 24, 21, 14, 57, 11, 20, 17, 36, 34, 13, 3, 53, 59, 79, 69",,01/03/2009,01/07/2009,Ministry of Health (MOH/Bureau of Statistisc),330,5632,All Women,4996,15,49,All Men,3522,15,49,
HT1994DHS,HT,HT,HTI,1994,DHS,Completed,Haiti,1994-95,69,1,Latin America & Caribbean,Caribbean,01/12/1995,01/12/1995,"10, 61, 2, 11, 21, 24, 16",,01/07/1994,01/01/1995,Inst. Haïtian de l’Enfance,,4818,All Women,5356,15,49,All Men,1610,15,59,172
HT2000DHS,HT,HT,HTI,2000,DHS,Completed,Haiti,2000,155,1,Latin America & Caribbean,Caribbean,01/06/2001,01/06/2001,"1, 2, 3, 6, 17, 11, 15, 21, 24, 34, 32, 41, 26, 16, 14, 13, 31, 33, 10, 20, 79",,01/02/2000,01/07/2000,Inst. Haitien de l'Enfance,317,9595,All Women,10159,15,49,All Men,3171,15,59,317
HT2006DHS,HT,HT,HTI,2006,DHS,Completed,Haiti,2005-06,222,1,Latin America & Caribbean,Caribbean,01/01/2007,01/01/2007,"24, 15, 10, 31, 26, 14, 6, 1, 3, 37, 8, 36, 5, 34, 20, 69, 33, 41, 11, 21, 13, 88, 17, 59, 23, 79",,01/10/2005,01/06/2006,Institut Haitien de L'Enfance,339,9998,All Women,10757,15,49,All Men,4958,15,59,
HT2012DHS,HT,HT,HTI,2012,DHS,Completed,Haiti,2012,368,1,Latin America & Caribbean,Caribbean,01/04/2013,09/07/2013,"41, 23, 6, 67, 37, 33, 15, 10, 31, 61, 32, 39, 26, 24, 21, 14, 8, 20, 17, 34, 13, 3, 69, 16, 11, 5, 79",,01/01/2012,01/06/2012,Institut Haïtien de l’Enfance (IHE - Haitian Childhood Institute),445,13181,All Women,14287,15,49,All Men,9493,15,59,
HN1996RHS,HN,HN,HND,1996,RHS,Completed,Honduras,1996,429,1,Latin America & Caribbean,Central America,,,,CDC-RHS survey,01/01/1996,01/09/1996,,,,,,,,,,,,
HN2001RHS,HN,HN,HND,2001,RHS,Completed,Honduras,2001,409,1,Latin America & Caribbean,Central America,,,,CDC-RHS survey,01/02/2001,01/09/2001,,,,,,,,,,,,
HN2005DHS,HN,HN,HND,2005,DHS,Completed,Honduras,2005-06,265,1,Latin America & Caribbean,Central America,01/12/2006,01/12/2006,"24, 21, 15, 10, 31, 22, 32, 20, 17, 13, 6, 9, 34, 79, 36, 41, 75, 76, 69, 38, 33, 61, 3",,01/10/2005,01/05/2006,"Instituto Nacional de Estadistica, (INE)",1050,18683,All Women,19948,15,49,,,,,
HN2011DHS,HN,HN,HND,2011,DHS,Completed,Honduras,2011-12,369,1,Latin America & Caribbean,Central America,01/05/2013,25/06/2013,"87, 75, 76, 77, 69, 41, 10, 45, 31, 26, 38, 24, 21, 11, 22, 6, 9, 3, 33, 61, 34, 36, 80, 32, 79",There is no couples dataset. The line number of the wife/partner was not collected in the Men's data.,01/09/2011,01/07/2012,Instituto Nacional de Estadistica (INE),1150,21362,All Women,22757,15,49,All Men,7120,15,59,
IA1993DHS,IA,IN,IND,1993,DHS,Completed,India,1992-93,50,1,South & Southeast Asia,South Asia,01/08/1995,01/08/1995,"16, 21, 10, 1, 2, 61, 36, 20, 13, 79","Data collected for women 13-49, indicators calculated for women 15-49",01/04/1992,01/09/1993,International Institute for Population Sciences (IIPS),3522,88562,Ever Married Women,89777,13,49,,,,,
IA1999DHS,IA,IN,IND,1999,DHS,Completed,India,1998-99,156,1,South & Southeast Asia,South Asia,01/10/2000,01/10/2000,"16, 14, 15, 21, 5, 10, 20, 13, 1, 9, 41, 48, 6, 3, 33, 45, 61, 38, 17, 34, 36, 79",,01/11/1998,01/12/1999,International Institute for Population Sciences (IIPS),3165,92486,Ever Married Women,90303,15,49,,,,,
IA2006DHS,IA,IN,IND,2006,DHS,Completed,India,2005-06,264,1,South & Southeast Asia,South Asia,01/09/2007,01/09/2007,"33, 3, 34, 36, 45, 59, 41, 63, 38, 24, 21, 23, 15, 10, 31, 22, 14, 11, 20, 17, 13, 5, 6, 69, 8, 79",,01/11/2005,01/08/2006,"International Institute for Population Sciences, Mumbai",3850,109041,All Women,124385,15,49,All Men,74369,15,54,
ID1987DHS,ID,ID,IDN,1987,DHS,Completed,Indonesia,1987,14,1,South & Southeast Asia,Southeast Asia,01/01/1989,01/01/1989,"20, 17, 60",,01/09/1987,01/12/1987,Central Bureau of Statistics/NFPCB,400,14142,Ever Married Women,11884,15,49,,,,,
ID1991DHS,ID,ID,IDN,1991,DHS,Completed,Indonesia,1991,35,1,South & Southeast Asia,Southeast Asia,01/12/1991,01/12/1991,"17, 20, 22, 60",,01/05/1991,01/07/1991,"Indonesia Central Bureau of Statistics, the National Family Planning Coordinating Board and the Ministry of Health",,26858,Ever Married Women,22909,15,49,,,,,
ID1994DHS,ID,ID,IDN,1994,DHS,Completed,Indonesia,1994,63,1,South & Southeast Asia,Southeast Asia,01/10/1995,01/10/1995,"1, 2, 21, 22, 3",,01/07/1994,01/11/1994,Central Bureau of Statistics/NFPCB/MOH,,33738,Ever Married Women,28168,15,49,,,,,1416
ID1997DHS,ID,ID,IDN,1997,DHS,Completed,Indonesia,1997,95,1,South & Southeast Asia,Southeast Asia,01/10/1998,01/10/1998,"1, 21, 22, 3",,01/09/1997,01/12/1997,Central Bureau of Statatistics/NFPCB/MOH,,34255,Ever Married Women,28810,15,49,,,,,
ID2003DHS,ID,ID,IDN,2003,DHS,Completed,Indonesia,2002-03,172,1,South & Southeast Asia,Southeast Asia,01/12/2003,01/12/2003,"21, 26, 79, 53, 22, 20, 1, 31, 3, 11, 13",,01/10/2002,01/04/2003,Central Bureau of Statatistics/National Family Planning Coordinating Board (NFPCB)/Ministry of Health (MOH),1592,33088,Ever Married Women,29483,15,49,Currently Married Men,8310,15,54,
ID2007DHS,ID,ID,IDN,2007,DHS,Completed,Indonesia,2007,297,1,South & Southeast Asia,Southeast Asia,01/12/2008,31/03/2009,"17, 3, 57, 31, 22, 21, 11, 20, 13, 1, 34, 79, 53",,01/06/2007,01/02/2008,Central Bureau of Statistics ( (Badan Pusat Statistik (BPS)),1694,40701,Ever Married Women,32895,15,49,Currently Married Men,8758,15,54,
ID2012DHS,ID,ID,IDN,2012,DHS,Completed,Indonesia,2012,357,1,South & Southeast Asia,Southeast Asia,01/08/2013,25/09/2013,"11, 16, 33, 15, 31, 24, 21, 20, 22, 17, 34, 13, 1, 3, 53, 69, 79",,01/05/2012,01/07/2012,Statistics Indonesia (Badan Statistik Indonesia or BPS),1840,43852,All Women,45607,15,49,Ever Married Men,9306,15,54,
JM1997RHS,JM,JM,JAM,1997,RHS,Completed,Jamaica,1997,428,1,Latin America & Caribbean,Caribbean,,,,CDC-RHS survey,01/08/1997,01/12/1997,,,,,,,,,,,,
JM2008RHS,JM,JM,JAM,2008,RHS,Completed,Jamaica,2008-09,416,1,Latin America & Caribbean,Caribbean,,,,CDC-RHS survey,01/06/2008,01/04/2009,,,,,,,,,,,,
JO1990DHS,JO,JO,JOR,1990,DHS,Completed,Jordan,1990,31,1,North Africa/West Asia/Europe,West Asia,01/08/1992,01/08/1992,"2, 60, 61, 9, 10, 5, 69",,01/10/1990,01/12/1990,Department of Statistics (DOS)/Ministry of Planning,349,16296,Ever Married Women,6461,15,49,,,,,
JO1997DHS,JO,JO,JOR,1997,DHS,Completed,Jordan,1997,96,1,North Africa/West Asia/Europe,West Asia,01/12/1998,01/12/1998,"1, 22, 21, 10, 3",,01/06/1997,01/10/1997,Department of Statistics (DOS),,7335,Ever Married Women,5548,15,49,,,,,
JO2002DHS,JO,JO,JOR,2002,DHS,Completed,Jordan,2002,208,1,North Africa/West Asia/Europe,West Asia,01/06/2003,01/06/2003,"15, 16, 41, 3, 10, 26, 21, 22, 20, 75, 79",,01/07/2002,01/09/2002,Department of Statistics (DOS),498,7825,Ever Married Women,6006,15,49,,,,,
JO2007DHS,JO,JO,JOR,2007,DHS,Completed,Jordan,2007,295,1,North Africa/West Asia/Europe,West Asia,01/08/2008,24/11/2008,"41, 10, 6, 17, 79, 16, 20, 34, 3, 21, 36, 75, 76, 22, 32, 26, 80",,01/06/2007,01/11/2007,Department of Statistics (DOS),930,14564,Ever Married Women,10876,15,49,,,,,
JO2009DHS,JO,JO,JOR,2009,DHS,Completed,Jordan,2009,336,1,North Africa/West Asia/Europe,West Asia,01/05/2010,20/07/2010,"10, 22, 16, 41, 34, 79",,01/10/2009,01/12/2009,Department of Statistics (DOS),930,13577,Ever Married Women,10109,15,49,,,,,
JO2012DHS,JO,JO,JOR,2012,DHS,Completed,Jordan,2012,403,1,North Africa/West Asia/Europe,West Asia,01/09/2013,10/12/2013,"15, 41, 10, 31, 26, 24, 21, 57, 8, 20, 17, 36, 34, 13, 6, 3, 16, 22, 75, 76, 67, 32, 80, 79",,01/09/2012,01/12/2012,"Department of Statistics, Jordan",806,15190,Ever Married Women,11352,15,49,,,,,
KK1995DHS,KK,KZ,KAZ,1995,DHS,Completed,Kazakhstan,1995,74,1,Central Asia,Central Asia,01/12/1995,01/12/1995,"10, 15, 16, 41, 30, 3",,01/05/1995,01/09/1995,National Institute of Nutrition,176,4178,All Women,3771,15,49,,,,,
KK1999DHS,KK,KZ,KAZ,1999,DHS,Completed,Kazakhstan,1999,157,1,Central Asia,Central Asia,01/11/2000,01/11/2000,"10, 15, 16, 17, 20, 34, 3, 21, 22, 14, 30, 41, 11, 36, 33, 79",,01/07/1999,01/09/1999,Academy of Preventive Medicine,,5844,All Women,4800,15,49,All Men,1440,15,59,
KE1989DHS,KE,KE,KEN,1989,DHS,Completed,Kenya,1989,20,1,Sub-Saharan Africa,Eastern Africa,01/10/1989,01/10/1989,"11, 12, 20",,01/12/1988,01/05/1989,National Council for Population Development (NCPD),,8173,All Women,7150,15,49,Husbands,1133,,,
KE1993DHS,KE,KE,KEN,1993,DHS,Completed,Kenya,1993,56,1,Sub-Saharan Africa,Eastern Africa,01/05/1994,01/05/1994,"2, 10, 11",,01/02/1993,01/08/1993,National Council for Population Development (NCPD),536,7950,All Women,7540,15,49,All Men,2336,20,54,508
KE1998DHS,KE,KE,KEN,1998,DHS,Completed,Kenya,1998,115,1,Sub-Saharan Africa,Eastern Africa,01/04/1999,01/04/1999,"1, 4, 10, 11, 21, 22, 24, 26, 60, 3",,01/02/1998,01/07/1998,National Council for Population Development (NCPD),,8380,All Women,7881,15,49,All Men,3407,15,54,
KE2003DHS,KE,KE,KEN,2003,DHS,Completed,Kenya,2003,216,1,Sub-Saharan Africa,Eastern Africa,01/07/2004,01/07/2004,"24, 1, 31, 57, 59, 20, 34, 3, 21, 10, 4, 26, 33, 23, 11, 6, 22, 79",,01/04/2003,01/09/2003,Central Bureau of Statistics (CBS),400,8561,All Women,8195,15,49,All Men,3578,15,54,
KE2008DHS,KE,KE,KEN,2008,DHS,Completed,Kenya,2008-09,300,1,Sub-Saharan Africa,Eastern Africa,01/06/2010,15/06/2010,"31, 6, 1, 22, 10, 8, 14, 17, 36, 34, 4, 39, 24, 21, 23, 57, 59, 33, 20, 13, 26, 32, 3, 69, 11, 79",,01/11/2008,01/02/2009,Kenya National Bureau of Statistics formerly Central Bureau of Statistics (CBS),400,9057,All Women,8444,15,49,All Men,3465,15,54,
KE2014DHS,KE,KE,KEN,2014,DHS,Completed,Kenya,2014,451,1,Sub-Saharan Africa,Eastern Africa,01/12/2015,14/01/2016,"75, 26, 76, 10, 31, 32, 39, 4, 1, 11, 6, 14, 57, 8, 34, 20, 77, 33, 63, 69, 24, 21, 22, 36, 13, 60, 3, 68, 79",,01/05/2014,01/10/2014,Kenya National Bureau of Statistics (KNBS) of the Ministry of Planning and National Development,1612,36430,All Women,31079,15,49,All Men,12819,15,54,
KE2015MIS,KE,KE,KEN,2015,MIS,Completed,Kenya,2015,493,1,Sub-Saharan Africa,Eastern Africa,01/04/2016,05/04/2016,"15, 26, 41, 70, 8, 92, 90, 89",,01/07/2015,01/08/2015,National Malaria Control Programme / Ministry of Health (NMCP/MOH) and Kenya National Bureau of Statistics (KNBS),246,6481,All Women,5394,15,49,,,,,
KY1997DHS,KY,KG,KGZ,1997,DHS,Completed,Kyrgyz Republic,1997,109,1,Central Asia,Central Asia,01/08/1998,01/08/1998,"10, 15, 16, 17, 41, 30",,01/08/1997,01/11/1997,Institute of Obstetrics and Pediatrics/Ministry of Health,,3672,All Women,3848,15,49,,,,,
KY2012DHS,KY,KG,KGZ,2012,DHS,Completed,Kyrgyz Republic,2012,383,1,Central Asia,Central Asia,01/12/2013,30/01/2014,"10, 30, 79, 32, 69, 26, 31, 34, 33, 68, 14, 17, 13, 3, 59, 22, 11, 6, 16, 15, 41, 43, 24, 21, 20, 36",,01/08/2012,01/12/2012,National Statistical Committee (NSC) and the Ministry of Health (MOH),316,8040,All Women,8208,15,49,All Men,2413,15,59,
LS2004DHS,LS,LS,LSO,2004,DHS,Completed,Lesotho,2004,256,1,Sub-Saharan Africa,Southern Africa,01/11/2005,01/11/2005,"36, 34, 41, 79, 24, 21, 23, 15, 10, 26, 14, 11, 20, 13, 1, 69, 59, 33, 3",,01/09/2004,01/01/2005,Ministry of Health and Social Welfare and the Bureau of Statistics.,405,8592,All Women,7095,15,49,All Men,2797,15,59,
LS2009DHS,LS,LS,LSO,2009,DHS,Completed,Lesotho,2009,317,1,Sub-Saharan Africa,Southern Africa,01/11/2010,30/11/2010,"14, 24, 21, 23, 41, 10, 43, 59, 63, 60, 79, 33, 31, 22, 26, 11, 36, 34, 13, 1, 69, 3, 70, 75, 76",,01/10/2009,01/01/2010,Ministry of Health and Social Welfare (MOHSW),400,9391,All Women,7624,15,49,All Men,3317,15,59,
LS2014DHS,LS,LS,LSO,2014,DHS,Completed,Lesotho,2014,462,1,Sub-Saharan Africa,Southern Africa,01/05/2016,15/06/2016,"59, 26, 82, 84, 86, 91, 22, 31, 75, 76, 63, 24, 21, 14, 20, 34, 36, 13, 74, 41, 10, 43, 68, 23, 11, 1, 79, 69, 70, 3",,01/09/2014,01/12/2014,Ministry of Health (MOH),400,9402,All Women,6621,15,49,All Men,2931,15,59,
LB1986DHS,LB,LR,LBR,1986,DHS,Completed,Liberia,1986,7,1,Sub-Saharan Africa,Western Africa,01/02/1988,01/02/1988,"20, 26",,01/02/1986,01/07/1986,Ministry of Planning and Economic Affairs,156,5026,All Women,5239,15,49,,,,,
LB2007DHS,LB,LR,LBR,2007,DHS,Completed,Liberia,2007,271,1,Sub-Saharan Africa,Western Africa,01/06/2008,01/08/2008,"24, 21, 23, 10, 31, 32, 26, 11, 20, 13, 6, 8, 1, 34, 36, 59, 67, 5, 79, 16, 33, 38, 3, 53",,01/12/2006,01/04/2007,Liberia Institute for Statistics and Geo-information Services (LISGIS),298,6824,All Women,7092,15,49,All Men,6009,15,49,
LB2009MIS,LB,LR,LBR,2009,MIS,Completed,Liberia,2009,330,1,Sub-Saharan Africa,Western Africa,01/09/2009,02/12/2009,"41, 57, 79, 15, 26, 17, 90, 89, 8",Anemia testing was done for children only,01/12/2008,01/03/2009,National Malaria Control Program (NMCP) of the Ministry of Health and Social Welfare in collaboration with the Liberia Institute for Statistics and Geo-Information Services (LISGIS),150,4162,All Women,4397,15,49,,,,,
LB2011MIS,LB,LR,LBR,2011,MIS,Completed,Liberia,2011,361,1,Sub-Saharan Africa,Western Africa,01/06/2012,17/07/2012,"26, 55, 79, 15, 41, 57, 8, 90, 89",,01/09/2011,01/12/2011,"Liberian National Malaria Control Program (NMCP), Ministry of Health and Social Welfare (MOHSW)",150,4162,All Women,3939,15,49,,,,,
LB2013DHS,LB,LR,LBR,2013,DHS,Completed,Liberia,2013,435,1,Sub-Saharan Africa,Western Africa,01/08/2014,23/09/2014,"57, 8, 1, 10, 14, 11, 69, 87, 22, 26, 72, 38, 23, 79, 33, 3",Testing water samples for E. coli took place in a subset of clusters.,01/03/2013,01/07/2013,Liberia Institute of Statistics and Geo-information Services (LISGIS),322,9333,All Women,9239,15,49,All Men,4118,15,49,
MD1992DHS,MD,MG,MDG,1992,DHS,Completed,Madagascar,1992,49,1,Sub-Saharan Africa,Eastern Africa,01/02/1994,01/02/1994,"1, 2, 10, 16",,01/05/1992,01/11/1992,Centre National de Recherches sur l’Environment,215,5944,All Women,6260,15,49,,,,,215
MD1997DHS,MD,MG,MDG,1997,DHS,Completed,Madagascar,1997,110,1,Sub-Saharan Africa,Eastern Africa,01/11/1998,01/11/1998,"1, 24, 21, 10, 14, 13, 16, 26, 41",,01/09/1997,01/12/1997,Direction de la Démographie et des Statistique Sociales (DDSS)/Institut National de la Statistique (INSTAT),270,7171,All Women,7060,15,49,,,,,
MD2004DHS,MD,MG,MDG,2004,DHS,Completed,Madagascar,2003-04,207,1,Sub-Saharan Africa,Eastern Africa,01/02/2005,01/02/2005,"31, 22, 26, 34, 69, 24, 21, 15, 11, 17, 1, 41, 49, 40, 51, 10, 79, 8, 33, 14, 3",,01/11/2003,01/03/2004,Institut National de la Statistique (INSTAT),303,8420,All Women,7949,15,49,All Men,2432,15,59,
MD2008DHS,MD,MG,MDG,2008,DHS,Completed,Madagascar,2008-09,296,1,Sub-Saharan Africa,Eastern Africa,01/04/2010,07/06/2010,"57, 41, 10, 36, 34, 8, 1, 24, 21, 33, 59, 20, 3, 14, 79, 69, 15, 11, 22, 26, 37, 13",The equipment for measuring syphilis in the field proved faulty and all related variables are therefore not available in the recode data file. The scales used for measuring the weight of children did not have enough precision therefore all weight related variables for children were set to not applicable in the recode data file.,01/11/2008,01/08/2009,Institut National de la Statistique (INSTAT),600,17857,All Women,17375,15,49,All Men,8586,15,59,
MD2011MIS,MD,MG,MDG,2011,MIS,Completed,Madagascar,2011,396,1,Sub-Saharan Africa,Eastern Africa,01/03/2012,08/06/2012,"41, 79, 26, 70, 57, 8, 90, 89",,01/03/2011,01/06/2011,Institut National de la Statistique (INSTAT),268,8094,All Women,8169,15,49,,,,,
MD2013MIS,MD,MG,MDG,2013,MIS,Completed,Madagascar,2013,456,1,Sub-Saharan Africa,Eastern Africa,01/11/2013,06/12/2013,"41, 26, 57, 55, 8, 79, 90, 89, 70",Areas without Malaria have been excluded,01/04/2013,01/06/2013,Institut National de la Statistique (INSTAT),284,8574,All Women,8045,15,49,,,,,
MD2016MIS,MD,MG,MDG,2016,MIS,Completed,Madagascar,2016,505,1,Sub-Saharan Africa,Eastern Africa,01/01/2017,28/02/2017,"8, 57, 20, 17, 79, 15, 41, 70, 92, 26, 90, 89",,01/05/2016,01/07/2016,National Statistical Institute (INSTAT) of Madagascar,340,11284,All Women,10655,15,49,,,,,
MW1992DHS,MW,MW,MWI,1992,DHS,Completed,Malawi,1992,52,1,Sub-Saharan Africa,Eastern Africa,01/01/1994,01/01/1994,"1, 2, 10, 11, 21, 74",,01/09/1992,01/11/1992,National Statistical Office,225,5323,All Women,4849,15,49,All Men,1151,20,54,223
MW2000DHS,MW,MW,MWI,2000,DHS,Completed,Malawi,2000,158,1,Sub-Saharan Africa,Eastern Africa,01/06/2001,01/06/2001,"1, 8, 10, 21, 24, 5, 3, 22, 14, 13, 26, 34, 31, 33, 11, 79",,01/07/2000,01/11/2000,Nat. Statistical Office,560,14213,All Women,13220,15,49,All Men,3092,15,54,
MW2004DHS,MW,MW,MWI,2004,DHS,Completed,Malawi,2004,251,1,Sub-Saharan Africa,Eastern Africa,01/12/2005,01/12/2005,"24, 21, 23, 15, 10, 22, 26, 11, 20, 17, 13, 5, 6, 1, 57, 59, 34, 41, 69, 39, 33, 3, 79",,01/10/2004,01/01/2005,The National Statistical Office,522,13664,All Women,11698,15,49,All Men,3261,15,54,
MW2010DHS,MW,MW,MWI,2010,DHS,Completed,Malawi,2010,333,1,Sub-Saharan Africa,Eastern Africa,01/09/2011,06/10/2011,"33, 22, 14, 8, 20, 17, 13, 3, 24, 21, 23, 41, 10, 39, 26, 57, 59, 11, 37, 36, 34, 6, 1, 88, 79",Extra questions on male participation in health care,01/06/2010,01/11/2010,National Statistics Office,849,24825,All Women,23020,15,49,All Men,7175,15,54,
MW2012MIS,MW,MW,MWI,2012,MIS,Completed,Malawi,2012,432,1,Sub-Saharan Africa,Eastern Africa,01/11/2012,15/03/2013,"41, 26, 57, 8, 70, 90, 89, 79",,01/04/2012,01/05/2012,National Malaria Control Program (NMCP),140,3404,All Women,2906,15,49,,,,,
MW2014MIS,MW,MW,MWI,2014,MIS,Completed,Malawi,2014,473,1,Sub-Saharan Africa,Eastern Africa,01/02/2015,27/03/2015,"41, 70, 26, 57, 90, 89, 8",,01/05/2014,01/06/2014,"National Malaria Control Programme (NMCP), Ministry of Health",140,3405,All Women,2897,15,49,,,,,
MW2015DHS,MW,MW,MWI,2015,DHS,Completed,Malawi,2015-16,483,1,Sub-Saharan Africa,Eastern Africa,01/02/2017,15/03/2017,"33, 31, 22, 39, 26, 69, 57, 8, 59, 17, 34, 36, 13, 60, 3, 91, 14, 15, 41, 10, 20, 6, 1, 79, 85, 92, 70, 24, 21, 23, 11",,01/10/2015,01/02/2016,National Statistical Office (NSO),850,26361,All Women,24562,15,49,All Men,7478,15,54,
MV2009DHS,MV,MV,MDV,2009,DHS,Completed,Maldives,2009,321,1,South & Southeast Asia,South Asia,01/10/2010,23/11/2010,"10, 5, 60, 38, 53, 16, 69, 68, 33, 63, 31, 32, 85, 80, 79, 87, 11, 20, 22, 24, 21, 36, 34, 3","Caution for Men’s datasets: The response rate to the men's interview was inordinately low (interviews were completed with 54 percent of the men who were eligible for interview); therefore, any user of the men’s data should be aware that the data may not accurately represent the wider Maldivian male population. MVOD50*.ZIP (Other Data): Youth & Young Adult Questionnaire.",01/01/2009,01/10/2009,Ministry of Health,270,6443,Ever Married Women,7131,15,49,Ever Married Men,1727,15,64,
ML1987DHS,ML,ML,MLI,1987,DHS,Completed,Mali,1987,12,1,Sub-Saharan Africa,Western Africa,01/01/1989,01/01/1989,"11, 10",,01/03/1987,01/08/1987,Centre d'Etudes et de Recherches sur la Population pour le Développement(CERPOD) de l'Institut du Sahel,,3048,All Women,3200,15,49,All Men,970,20,55,
ML1996DHS,ML,ML,MLI,1996,DHS,Completed,Mali,1995-96,77,1,Sub-Saharan Africa,Western Africa,01/12/1996,01/12/1996,"1, 2, 4, 11, 21, 24, 16, 10, 26, 3",,01/11/1995,01/05/1996,"CPS/MSSPA et DNSI, Cellule de Planification et Statistique du Ministère de la Santé; Direction de la Statistique et de l'Informatique du Ministère de l'Économie et des Finances",300,8716,All Women,9704,15,49,All Men,2474,15,59,300
ML2001DHS,ML,ML,MLI,2001,DHS,Completed,Mali,2001,159,1,Sub-Saharan Africa,Western Africa,01/06/2002,01/06/2002,"1, 2, 4, 5, 11, 15, 17, 21, 24, 23, 22, 41, 8, 26, 79, 10, 3, 13, 14",There is no possibility of linking the HIV Test data to the survey data.,01/01/2001,01/05/2001,"CPS/MSSPA et DNSI, Cellule de Planification et Statistique dur Ministère de la Santè; Direction de la Statistique e de l'Informatique du Ministère de l'Économie et des Finances",403,12331,All Women,12849,15,49,All Men,3405,15,59,403
ML2006DHS,ML,ML,MLI,2006,DHS,Completed,Mali,2006,276,1,Sub-Saharan Africa,Western Africa,01/12/2007,15/04/2008,"1, 24, 21, 23, 15, 10, 31, 22, 14, 11, 20, 13, 5, 6, 4, 34, 41, 57, 3, 59, 26, 38, 79, 39, 33",,01/05/2006,01/12/2006,"Cellule de Planification et de Statistique (CPS), Direction Nationale de la Statistique et de L'Informatique (DNSI)",410,12998,All Women,14583,15,49,All Men,4207,15,59,
ML2012DHS,ML,ML,MLI,2012,DHS,Completed,Mali,2012-13,405,1,Sub-Saharan Africa,Western Africa,01/05/2014,05/08/2014,"41, 15, 10, 31, 39, 26, 38, 21, 23, 14, 57, 59, 11, 20, 22, 13, 5, 6, 4, 1, 3, 79, 16, 69, 87, 24, 8, 70, 33, 90, 89",,01/11/2012,01/02/2013,"INFO-STAT in collaboration with government agencies, the National Institute of Statistics (INSTAT) and the Cellule de Planification et de Statistique (CPS), which is the technical department in charge of statistics and the DHS at the Ministry of Health.",415,10105,All Women,10424,15,49,All Men,4399,15,59,
ML2015MIS,ML,ML,MLI,2015,MIS,Completed,Mali,2015,487,1,Sub-Saharan Africa,Western Africa,01/07/2016,28/09/2016,"26, 90, 89, 41, 70, 55",,01/09/2015,01/11/2015,INFO-STAT in collaboration with Programme National de Lutte contre le Paludisme (PNLP) and Institut National de la Statistique (INSTAT),180,4240,All Women,7758,15,49,,,,,
MR2000DHS,MR,MR,MRT,2000,DHS,Completed,Mauritania,2000-01,160,1,Sub-Saharan Africa,Western Africa,01/12/2001,01/12/2001,"1, 2, 4, 11, 21, 24, 8, 14, 32, 79, 10, 31, 3",,01/08/2000,01/04/2001,Office Nat. de la Statistique,,6149,All Women,7728,15,49,All Men,2191,15,59,260
MX1987DHS,MX,MX,MEX,1987,DHS,Completed,Mexico,1987,11,1,Latin America & Caribbean,Central America,01/07/1989,01/07/1989,"16, 20, 79",,01/02/1987,01/05/1987,Dirección  General de Planificación Familiar/ Secretaría de Salud,,7786,All Women,9310,15,49,,,,,
MB1997RHS,MB,MD,MDA,1997,RHS,Completed,Moldova,1997,410,1,North Africa/West Asia/Europe,Eastern Europe,,,,CDC-RHS survey,01/09/1997,01/09/1997,,,,,,,,,,,,
MB2005DHS,MB,MD,MDA,2005,DHS,Completed,Moldova,2005,258,1,North Africa/West Asia/Europe,Eastern Europe,01/09/2006,01/09/2006,"15, 10, 11, 14, 36, 34, 59, 69, 41, 16, 24, 21, 22, 26, 30, 6, 3, 33, 60, 79",,01/06/2005,01/08/2005,Ministry of Health (MOH)/Center for Preventive Medicine,400,11095,All Women,7440,15,49,All Men,2508,15,59,
MA1987DHS,MA,MA,MAR,1987,DHS,Completed,Morocco,1987,17,1,North Africa/West Asia/Europe,North Africa,01/03/1989,01/03/1989,"10, 61, 79",,01/05/1987,01/07/1987,Service des Etudes et de l'Information Sanitaire (SELS) du Ministère de la Santé Publique,212,6960,Ever Married Women,5982,15,49,,,,,
MA1992DHS,MA,MA,MAR,1992,DHS,Completed,Morocco,1992,47,1,North Africa/West Asia/Europe,North Africa,01/08/1993,01/08/1993,"1, 2, 11, 22, 10",,01/01/1992,01/04/1992,Ministère de la Santé Publique (Service des Etudes et de l'Information Sanitaire (SEIS),212,6577,All Women,9256,15,49,All Men,1336,20,,212
MA2003DHS,MA,MA,MAR,2003,DHS,Completed,Morocco,2003-04,214,1,North Africa/West Asia/Europe,North Africa,01/03/2005,01/03/2005,"21, 10, 34, 79, 69, 1, 22, 17, 86, 26",The Morocco Survey will be a collaboration between MEASURE DHS+ and PAPFAM of the League of the Arab States,01/10/2003,01/02/2004,"Ministère de la Santé, Direction de la Planification et des Ressources Financières, Division de la Planification et des Études, Service des Etudes et de l’Information Sanitaire – SEIS",480,11513,All Women,16798,15,49,,,,,
MZ1997DHS,MZ,MZ,MOZ,1997,DHS,Completed,Mozambique,1997,105,1,Sub-Saharan Africa,Eastern Africa,01/09/1998,01/09/1998,"11, 21, 24, 1, 10",,01/03/1997,01/07/1997,National Statistical Institute (INE),,9282,All Women,8779,15,49,All Men,2335,15,64,
MZ2003DHS,MZ,MZ,MOZ,2003,DHS,Completed,Mozambique,2003,174,1,Sub-Saharan Africa,Eastern Africa,01/01/2005,01/01/2005,"21, 1, 8, 34, 11, 59, 14, 33, 22, 3, 24, 10",,01/08/2003,01/01/2004,National Statistical Institute (INE),604,12315,All Women,12418,15,49,All Men,2900,15,64,
MZ2009AIS,MZ,MZ,MOZ,2009,AIS,Completed,Mozambique,2009,322,1,Sub-Saharan Africa,Eastern Africa,01/11/2010,01/12/2010,"11, 81, 79, 24, 21, 23, 26, 33","Completed interviews for adolescents 12-14 years: 1,900; Completed interviews for caregivers of children 0-11 years: 5,226; MZOD51*.ZIP: Adolescents and Caregivers of Children Questionnaires.",01/06/2009,01/09/2009,"Ministerio da Saúde, Instituto Nacional de Saúde (INS), Central Hospital, Instituto Nacional de Estatística (INE)",270,6097,All Women,6413,15,64,All Men,4799,15,64,
MZ2011DHS,MZ,MZ,MOZ,2011,DHS,Completed,Mozambique,2011,362,1,Sub-Saharan Africa,Eastern Africa,01/03/2013,02/05/2013,"41, 55, 11, 6, 10, 1, 26, 87, 79, 69, 70, 33, 31, 24, 21, 14, 57, 8, 59, 20, 22, 17, 34, 13, 3, 90, 89",,01/06/2011,01/11/2011,Instituto Nacional de Estatística (INE),611,13919,All Women,13745,15,49,All Men,4035,15,64,
MM2016DHS,MM,MM,MMR,2016,DHS,Completed,Myanmar,2015-16,454,1,South & Southeast Asia,Southeast Asia,01/03/2017,23/03/2017,"22, 79, 26, 24, 21, 8, 3, 36, 67, 80, 15, 41, 78, 11, 6, 1",,01/12/2015,01/07/2016,The Department of Health Planning under the Ministry of Health,442,12500,All Women,12885,15,49,All Men,4737,15,49,
NM1992DHS,NM,NA,NAM,1992,DHS,Completed,Namibia,1992,48,1,Sub-Saharan Africa,Southern Africa,01/05/1993,01/05/1993,"1, 10, 61, 74",,01/07/1992,01/11/1992,Ministry of Health and Social Services,,4101,All Women,5421,15,49,,,,,
NM2000DHS,NM,NA,NAM,2000,DHS,Completed,Namibia,2000,205,1,Sub-Saharan Africa,Southern Africa,01/10/2003,01/10/2003,"31, 24, 8, 79, 26, 21, 10, 14, 11, 1, 3, 33",,01/09/2000,01/12/2000,Ministry of Health and Social Services,260,6392,All Women,6755,15,49,All Men,2954,15,59,
NM2006DHS,NM,NA,NAM,2006,DHS,Completed,Namibia,2006-07,284,1,Sub-Saharan Africa,Southern Africa,01/08/2008,22/10/2008,"24, 21, 33, 10, 31, 26, 11, 20, 37, 17, 36, 34, 13, 57, 3, 59, 8, 79, 22, 1, 88, 69","Although testing salt for iodine appears in the household questionnare, it was not implemented.",01/11/2006,01/03/2007,Ministry of Health and Social Services (MOHSS),500,9200,All Women,9804,15,49,All Men,3915,15,49,
NM2013DHS,NM,NA,NAM,2013,DHS,Completed,Namibia,2013,363,1,Sub-Saharan Africa,Southern Africa,01/09/2014,18/12/2014,"57, 8, 43, 46, 79, 26, 87, 31, 41, 10, 6, 1, 75, 76, 77, 23, 33, 15, 68, 63, 38, 24, 21, 20, 22, 17, 36, 13, 3, 11, 59, 34, 14",An additional 842 Women Age: 50 to 64 were interviewed in 1/2 of the selected households.,01/05/2013,01/09/2013,Ministry of Health and Social Services (MOHSS),554,9849,All Women,9176,15,49,All Men,4481,15,64,
NP1996DHS,NP,NP,NPL,1996,DHS,Completed,Nepal,1996,86,1,South & Southeast Asia,South Asia,01/03/1997,01/03/1997,"1, 10, 14, 21, 16, 30, 3",,01/01/1996,01/06/1996,Ministry of Health/New ERA,,8082,Ever Married Women,8429,15,49,,,,,
NP2001DHS,NP,NP,NPL,2001,DHS,Completed,Nepal,2001,202,1,South & Southeast Asia,South Asia,01/04/2002,01/04/2002,"30, 16, 10, 20, 26, 33, 3, 21, 11, 13, 79",,01/01/2001,01/06/2001,Ministry of Health/New ERA,251,8602,Ever Married Women,8726,15,49,Ever Married Men,2261,15,59,
NP2006DHS,NP,NP,NPL,2006,DHS,Completed,Nepal,2006,268,1,South & Southeast Asia,South Asia,01/05/2007,01/05/2007,"30, 36, 8, 34, 79, 9, 60, 41, 16, 24, 21, 15, 10, 31, 22, 32, 26, 11, 20, 13, 1, 61, 3, 33",,01/02/2006,01/08/2006,New ERA,260,8707,All Women,10793,15,49,All Men,4397,15,59,
NP2011DHS,NP,NP,NPL,2011,DHS,Completed,Nepal,2011,356,1,South & Southeast Asia,South Asia,01/03/2012,27/03/2012,"41, 16, 26, 10, 24, 79, 31, 32, 30, 21, 14, 11, 20, 22, 17, 34, 6, 60, 33, 70, 8, 13, 3",,01/01/2011,01/06/2011,New ERA,289,10826,All Women,12674,15,49,All Men,4121,15,49,
NC1998DHS,NC,NI,NIC,1998,DHS,Completed,Nicaragua,1998,112,1,Latin America & Caribbean,Central America,01/04/1999,01/04/1999,"6, 21, 24, 11, 22, 10, 60, 14, 3, 33",,01/12/1997,01/05/1998,Inst. Nacional de Estadisticas y Censos,,11528,All Women,13634,15,49,All Men,2912,15,59,
NC2001DHS,NC,NI,NIC,2001,DHS,Completed,Nicaragua,2001,204,1,Latin America & Caribbean,Central America,01/10/2002,01/10/2002,"24, 38, 69, 31, 5, 79, 85, 60, 33, 3, 22, 21, 10, 32",,01/09/2001,01/12/2001,Instituto Nacional De Estadisticas Y Censos (INEC),610,11328,All Women,13060,15,49,,,,,
NC2006RHS,NC,NI,NIC,2006,RHS,Completed,Nicaragua,2006-07,374,1,Latin America & Caribbean,Central America,,,,CDC-RHS survey,01/09/2006,01/04/2007,,,,,,,,,,,,
NI1992DHS,NI,NE,NER,1992,DHS,Completed,Niger,1992,53,1,Sub-Saharan Africa,Western Africa,01/09/1993,01/09/1993,"1, 2, 12, 11, 10, 26, 74",,01/03/1992,01/06/1992,Direction de la Statistique et des Comptes Nationaux,235,5242,All Women,6503,15,49,Husbands,1570,,,235
NI1998DHS,NI,NE,NER,1998,DHS,Completed,Niger,1998,99,1,Sub-Saharan Africa,Western Africa,12/12/1998,12/12/1998,"2, 4, 11, 21, 24, 26, 10, 3",,01/03/1998,01/07/1998,Care International,268,5928,All Women,7577,15,49,All Men,3542,15,59,268
NI2006DHS,NI,NE,NER,2006,DHS,Completed,Niger,2006,277,1,Sub-Saharan Africa,Western Africa,01/02/2007,01/02/2007,"1, 24, 21, 23, 15, 10, 31, 22, 14, 11, 20, 5, 4, 57, 59, 41, 39, 26, 33, 3, 79",,01/01/2006,01/05/2006,"Direction de la Statistique et des Comptes Nationaux DSCN, Direction Général de l'Institut National de la Statistique",345,7660,All Women,9223,15,49,All Men,3549,15,59,
NI2012DHS,NI,NE,NER,2012,DHS,Completed,Niger,2012,407,1,Sub-Saharan Africa,Western Africa,01/09/2013,02/01/2014,"57, 8, 16, 11, 69, 15, 41, 10, 67, 39, 24, 21, 23, 22, 5, 4, 1, 26, 3, 79",,01/02/2012,01/06/2012,Institut National de la Statistique (INS),480,10750,All Women,11160,15,49,All Men,3928,15,59,
NG1990DHS,NG,NG,NGA,1990,DHS,Completed,Nigeria,1990,32,1,Sub-Saharan Africa,Western Africa,01/04/1992,01/04/1992,"2, 10, 26",,01/04/1990,01/10/1990,Federal Office of Statistics,,8999,All Women,8781,15,49,,,,,184
NG2003DHS,NG,NG,NGA,2003,DHS,Completed,Nigeria,2003,223,1,Sub-Saharan Africa,Western Africa,01/04/2004,01/04/2004,"11, 4, 24, 14, 34, 79, 21, 26, 57, 33, 10, 3",,01/03/2003,01/08/2003,The National Population Commission,362,7225,All Women,7620,15,49,All Men,2346,15,59,
NG2008DHS,NG,NG,NGA,2008,DHS,Completed,Nigeria,2008,302,1,Sub-Saharan Africa,Western Africa,01/11/2009,24/11/2009,"88, 37, 11, 6, 4, 57, 31, 14, 17, 33, 34, 26, 69, 10, 3, 59, 22, 36, 39, 20, 13, 24, 21, 8, 1, 79",,01/06/2008,01/10/2008,National Population Commission,888,34070,All Women,33385,15,49,All Men,15486,15,59,
NG2010MIS,NG,NG,NGA,2010,MIS,Completed,Nigeria,2010,392,1,Sub-Saharan Africa,Western Africa,01/01/2012,27/02/2012,"10, 26, 79, 8, 41, 55, 90, 89, 57",,01/10/2010,01/12/2010,National Population Commission (NPC) and the National Malaria Control Programme (NMCP),240,5895,All Women,6344,15,49,,,,,
NG2013DHS,NG,NG,NGA,2013,DHS,Completed,Nigeria,2013,438,1,Sub-Saharan Africa,Western Africa,01/06/2014,16/06/2014,"57, 8, 6, 26, 10, 37, 22, 69, 34, 4, 1, 3, 20, 24, 21, 88, 11, 31, 33, 59, 79",,01/02/2013,01/06/2013,National Population Commission (NPC),904,38522,All Women,38948,15,49,All Men,17359,15,49,
NG2015MIS,NG,NG,NGA,2015,MIS,Completed,Nigeria,2015,474,1,Sub-Saharan Africa,Western Africa,01/08/2016,07/11/2016,"41, 70, 26, 79, 90, 89",,01/10/2015,01/11/2015,"The National Malaria Elimination Program (NMEP), the National Population Commission (NPopC), and the National Bureau of Statistics (NBS) ",333,7745,All Women,8034,15,49,,,,,
PK1991DHS,PK,PK,PAK,1991,DHS,Completed,Pakistan,1990-91,34,1,South & Southeast Asia,South Asia,01/07/1992,01/07/1992,"10, 11, 12, 74",,01/12/1990,01/05/1991,The National Institute of Population Studies (NIPS),408,7193,Ever Married Women,6611,15,49,Husbands,1354,,,
PK2006DHS,PK,PK,PAK,2006,DHS,Completed,Pakistan,2006-07,273,1,South & Southeast Asia,South Asia,01/06/2008,18/07/2008,"57, 39, 36, 16, 8, 26, 1, 9, 79",PKOD52.ZIP: Other Data - This comes from the Community Questionnaire.,01/09/2006,01/02/2007,The National Institute of Population Studies (NIPS),1000,95441,Ever Married Women,10023,15,49,,,,,
PK2012DHS,PK,PK,PAK,2012,DHS,Completed,Pakistan,2012-13,419,1,South & Southeast Asia,South Asia,01/12/2013,22/01/2014,"6, 10, 22, 30, 60, 33, 24, 21, 8, 11, 20, 36, 34, 13, 3, 16, 31, 17, 26, 78, 79",,01/10/2012,01/04/2013,National Institute of Population Studies (NIPS),500,12943,Ever Married Women,13558,15,49,Ever Married Men,3134,15,49,
PY1990DHS,PY,PY,PRY,1990,DHS,Completed,Paraguay,1990,33,1,Latin America & Caribbean,South America,01/02/1991,01/02/1991,"22, 60, 10, 17",,01/05/1990,01/08/1990,Centro Paraguayo de Estudios de Población,,5683,All Women,5827,15,49,,,,,
PY1995RHS,PY,PY,PRY,1995,RHS,Completed,Paraguay,1995-96,427,1,Latin America & Caribbean,South America,,,,CDC-RHS survey,01/10/1995,01/02/1996,,,,,,,,,,,,
PY2004RHS,PY,PY,PRY,2004,RHS,Completed,Paraguay,2004,375,1,Latin America & Caribbean,South America,,,,CDC-RHS survey,01/03/2004,01/07/2004,,,,,,,,,,,,
PY2008RHS,PY,PY,PRY,2008,RHS,Completed,Paraguay,2008,412,1,Latin America & Caribbean,South America,,,,CDC-RHS survey,01/06/2008,01/10/2008,,,,,,,,,,,,
PE1986DHS,PE,PR,PER,1986,DHS,Completed,Peru,1986,6,1,Latin America & Caribbean,South America,01/04/1988,01/04/1988,,,01/09/1986,01/12/1986,Instituto Nacional de Estadistica e Informática,,4497,All Women,4999,15,49,,,,,
PE1992DHS,PE,PR,PER,1992,DHS,Completed,Peru,1991-92,44,1,Latin America & Caribbean,South America,01/09/1992,01/09/1992,"69, 10, 1, 22, 60, 74",,01/10/1991,01/03/1992,Instituto Nacional de Estadistica e Informática,,13479,All Women,15882,15,49,,,,,
PE1996DHS,PE,PR,PER,1996,DHS,Completed,Peru,1996,88,1,Latin America & Caribbean,South America,01/06/1997,01/06/1997,"21, 24, 15, 69, 41, 11, 22, 10, 1, 3, 60",,01/08/1996,01/11/1996,Inst. Nacional de Estadistica e Informática,,28122,All Women,28951,15,49,All Men,2487,15,59,
PE2000DHS,PE,PR,PER,2000,DHS,Completed,Peru,2000,176,1,Latin America & Caribbean,South America,01/06/2001,01/06/2001,"6, 10, 15, 21, 24, 22, 20, 1, 3, 16, 73, 26, 79, 69, 14, 41, 31, 33",,01/07/2000,01/11/2000,Instituto Nacional de Estadistica e Informática,1414,28900,All Women,27843,15,49,,,,,
PE2004DHS,PE,PR,PER,2004,DHS,Completed,Peru,2004-06,228,1,Latin America & Caribbean,South America,01/11/2005,01/11/2005,"1, 31, 57, 60, 79, 34, 36, 33, 73, 24, 22, 20, 6, 69, 16, 21, 26, 13, 3, 70, 15, 41, 10","Continuous survey, with 5 cycles.  The data include cycles 1 through 5.",01/12/2003,01/12/2006,Instituto Nacional de Estadistica e Informatica (INEI),,20440,All Women,19090,15,49,,,,,
PE2007DHS,PE,PR,PER,2007,DHS,Completed,Peru,2007-08,447,1,Latin America & Caribbean,South America,01/10/2009,26/02/2010,"41, 10, 24, 21, 6, 22, 79, 16, 1, 26, 73, 69, 14, 33, 70, 3","Continuous survey, with 5 cycles.  The data include cycles 1 through 5.",01/01/2007,01/10/2008,Instituto Nacional de Estadistica e Informatica (INEI),722,25633,All Women,22558,15,49,,,,,
PE2009DHS,PE,PR,PER,2009,DHS,Completed,Peru,2009,334,1,Latin America & Caribbean,South America,01/05/2010,13/05/2010,"79, 16, 26, 33, 15, 41, 10, 31, 22, 32, 24, 21, 14, 8, 20, 36, 34, 13, 5, 6, 1, 60, 3, 73, 70, 69, 75, 76",,01/03/2009,01/11/2009,Instituto Nacional de Estadistica e Informatica (INEI),1132,26988,All Women,24212,15,49,,,,,
PE2010DHS,PE,PR,PER,2010,DHS,Completed,Peru,2010,426,1,Latin America & Caribbean,South America,01/05/2011,08/06/2011,"79, 16, 22, 26, 5, 33, 15, 31, 43, 68, 67, 32, 8, 20, 34, 36, 13, 1, 60, 3, 41, 10, 24, 21, 6, 73, 69, 70, 75, 76",,01/03/2010,01/12/2010,Instituto Nacional de Estadística e Informática (INEI),1132,26605,All Women,22947,15,49,,,,,
PE2011DHS,PE,PR,PER,2011,DHS,Completed,Peru,2011,433,1,Latin America & Caribbean,South America,01/05/2012,05/06/2012,"33, 41, 10, 31, 68, 63, 32, 24, 21, 14, 8, 20, 17, 36, 34, 13, 6, 1, 3, 79, 16, 69, 26, 5, 43, 72, 67, 22, 70, 75, 76, 73",,01/03/2011,01/12/2011,Instituto Nacional de Estadística e Informática (INEI),1132,26528,All Women,22517,15,49,,,,,
PE2012DHS,PE,PR,PER,2012,DHS,Completed,Peru,2012,434,1,Latin America & Caribbean,South America,01/04/2013,07/05/2013,"79, 16, 1, 26, 34, 15, 41, 10, 38, 24, 21, 20, 36, 6, 3, 37, 22, 17, 14, 69, 73, 67, 33, 70, 5, 43, 68, 32",,01/03/2012,01/12/2012,Instituto Nacional de Estadística e Informática (INEI),1426,27218,All Women,23888,15,49,,,,,
PH1993DHS,PH,PH,PHL,1993,DHS,Completed,Philippines,1993,61,1,South & Southeast Asia,Southeast Asia,01/05/1994,01/05/1994,"22, 16, 30, 2, 1",,01/03/1993,01/05/1993,National Statistics Office,,12995,All Women,15029,15,49,,,,,744
PH1998DHS,PH,PH,PHL,1998,DHS,Completed,Philippines,1998,111,1,South & Southeast Asia,Southeast Asia,01/01/1999,01/01/1999,"1, 14, 22, 36, 69, 30, 16, 38, 17, 3, 20, 13, 60, 76",PHOD3A*.ZIP - Health Module Questionnaire,01/02/1998,01/04/1998,"The National Statistics Office, Department of Health",,12407,All Women,13983,15,49,,,,,
PH2003DHS,PH,PH,PHL,2003,DHS,Completed,Philippines,2003,227,1,South & Southeast Asia,Southeast Asia,01/10/2004,01/10/2004,"24, 21, 26, 13, 36, 34, 16, 69, 11, 68, 33, 77, 63, 22, 30, 75, 76, 38, 3",,01/06/2003,01/09/2003,National Statistics Office,819,12586,All Women,13633,15,49,All Men,4766,15,54,
PH2008DHS,PH,PH,PHL,2008,DHS,Completed,Philippines,2008,298,1,South & Southeast Asia,Southeast Asia,01/12/2009,21/01/2010,"24, 21, 30, 26, 33, 34, 6, 16, 3, 20, 69, 36, 38, 79",,01/08/2008,01/09/2008,The National Statistics Office,794,12469,All Women,13594,15,49,,,,,
PH2013DHS,PH,PH,PHL,2013,DHS,Completed,Philippines,2013,436,1,South & Southeast Asia,Southeast Asia,01/08/2014,09/09/2014,"16, 38, 75, 76, 77, 68, 63, 36, 79, 87, 33, 6, 69, 34, 30, 24, 21, 3, 86",,01/08/2013,01/09/2013,National Statistical Office (NSO),800,14804,All Women,16155,15,49,,,,,
RO1999RHS,RO,RO,ROU,1999,RHS,Completed,Romania,1999,413,1,North Africa/West Asia/Europe,Eastern Europe,,,,CDC-RHS survey,01/07/1999,01/10/1999,,,,,,,,,,,,
RW1992DHS,RW,RW,RWA,1992,DHS,Completed,Rwanda,1992,43,1,Sub-Saharan Africa,Eastern Africa,01/02/1994,01/02/1994,"12, 10, 11",,01/06/1992,01/10/1992,Office National de la Population,201,6252,All Women,6551,15,49,Husbands,598,,,
RW2000DHS,RW,RW,RWA,2000,DHS,Completed,Rwanda,2000,165,1,Sub-Saharan Africa,Eastern Africa,01/09/2001,01/09/2001,"1, 8, 21, 24, 10, 22, 26, 3, 33, 14, 11, 79",,01/06/2000,01/08/2000,Office National de la Population,443,9696,All Women,10421,15,49,All Men,2717,15,59,
RW2005DHS,RW,RW,RWA,2005,DHS,Completed,Rwanda,2005,252,1,Sub-Saharan Africa,Eastern Africa,01/07/2006,01/07/2006,"24, 21, 23, 15, 10, 11, 6, 26, 22, 59, 34, 33, 39, 14, 41, 37, 69, 57, 1, 3, 79",,01/02/2005,01/07/2005,"Department of Statistics, in the Ministry of Economics (MINECOFIN)",462,10272,All Women,11321,15,49,All Men,4820,15,59,
RW2008DHS,RW,RW,RWA,2008,DHS,Completed,Rwanda,2007-08,323,1,Sub-Saharan Africa,Eastern Africa,01/04/2009,16/07/2009,"11, 8, 41, 69, 26, 15, 59, 20, 13, 57, 79, 90, 89","Only 249 of 250 clusters were surveyed, because one cluster located in a refugee camp had to be eliminated from the sample. Woman/husband's line number (V034/MV034) not collected,  so no couples files.",01/12/2007,01/04/2008,National Institute of Statistics of Rwanda (NISR),250,7377,All Women,7313,15,49,All Men,6837,15,59,
RW2010DHS,RW,RW,RWA,2010,DHS,Completed,Rwanda,2010,364,1,Sub-Saharan Africa,Eastern Africa,01/02/2012,13/03/2012,"41, 23, 10, 31, 1, 3, 6, 5, 20, 59, 87, 32, 14, 69, 79, 11, 26, 38, 24, 21, 57, 8, 22, 17, 34, 13, 90, 89",,01/09/2010,01/03/2011,National Institute of Statistics of Rwanda and The Ministry of Health,492,12540,All Women,13671,15,49,All Men,6329,15,59,
RW2013MIS,RW,RW,RWA,2013,MIS,Completed,Rwanda,2013,449,1,Sub-Saharan Africa,Eastern Africa,01/04/2014,22/05/2014,"57, 8",,01/02/2013,01/04/2013,Malaria and Other Parasitic Disease Department (MOPDD) of the Ministry of Health (MOH),159,4766,All Women,5135,15,49,,,,,
RW2015DHS,RW,RW,RWA,2015,DHS,Completed,Rwanda,2014-15,468,1,Sub-Saharan Africa,Eastern Africa,01/03/2016,09/05/2016,"31, 57, 8, 59, 20, 17, 13, 81, 26, 69, 34, 14, 33, 90, 89, 22, 32, 24, 21, 23, 15, 41, 10, 11, 36, 6, 1, 3, 79, 80",,01/11/2014,01/04/2015,NIRS will be the implementing agency for the survey in collaboration with MOH.,492,12699,All Women,13497,15,49,All Men,6217,15,59,
ST2008DHS,ST,ST,STP,2008,DHS,Completed,Sao Tome and Principe,2008-09,318,1,Sub-Saharan Africa,Middle Africa,01/07/2010,23/09/2010,"15, 41, 10, 31, 24, 21, 23, 11, 79, 22, 57, 8, 69, 14, 33, 47, 6, 1, 3",,01/09/2008,01/01/2009,Instituto Nacional Estadistica (INE),104,3536,All Women,2615,15,49,All Men,2296,15,59,
SN1986DHS,SN,SN,SEN,1986,DHS,Completed,Senegal,1986,3,1,Sub-Saharan Africa,Western Africa,01/03/1988,01/03/1988,"79, 10",,01/04/1986,01/07/1986,Ministere de l’Economie et des Finances,,3736,All Women,4415,15,49,,,,,
SN1993DHS,SN,SN,SEN,1993,DHS,Completed,Senegal,1992-93,46,1,Sub-Saharan Africa,Western Africa,01/04/1994,01/04/1994,"1, 2, 11, 21, 26, 10",,01/11/1992,01/08/1993,"Ministère de l'Économie, des Finances et du Plan Direction de la Prévision et de la Statistique",,3528,All Women,6310,15,49,All Men,1436,20,,258
SN1997DHS,SN,SN,SEN,1997,DHS,Completed,Senegal,1997,81,1,Sub-Saharan Africa,Western Africa,01/12/1997,01/12/1997,"11, 21, 26",,01/01/1997,01/04/1997,"Ministère de l'Économie, des Finances et du Plan ",320,4772,All Women,8593,15,49,All Men,4306,20,,
SN2005DHS,SN,SN,SEN,2005,DHS,Completed,Senegal,2005,233,1,Sub-Saharan Africa,Western Africa,01/04/2006,01/04/2006,"23, 22, 57, 34, 5, 79, 32, 26, 41, 4, 1, 21, 15, 11, 10, 14, 33, 3, 31",,01/02/2005,01/05/2005,"Ministère de la Santé et de la Prévention Médicale, Centre de Recherche pour le Développement Humain (CRDH)",377,7412,All Women,14602,15,49,All Men,3761,15,59,
SN2006MIS,SN,SN,SEN,2006,MIS,Completed,Senegal,2006,293,1,Sub-Saharan Africa,Western Africa,01/04/2007,01/04/2007,"57, 79, 8",,01/11/2006,01/12/2006,Centre de Recherche pour le Développement Humain (CRDH),150,3063,All Women,6655,15,49,,,,,
SN2008MIS,SN,SN,SEN,2008,MIS,Completed,Senegal,2008-09,338,1,Sub-Saharan Africa,Western Africa,01/07/2009,03/09/2009,"15, 57, 8, 41, 79, 26, 90, 89",,01/12/2008,01/01/2009,"Ministère de la Santé, de la Prévention et de l'Hygiène Publique Centre de Recherche pour le Développement Humain ",320,9291,All Women,19441,15,49,,,,,
SN2010DHS,SN,SN,SEN,2010,DHS,Completed,Senegal,2010-11,365,1,Sub-Saharan Africa,Western Africa,01/02/2012,27/04/2012,"45, 5, 4, 1, 15, 31, 68, 63, 32, 39, 14, 57, 8, 20, 22, 34, 13, 3, 26, 69, 11, 41, 10, 24, 21, 23, 70, 79, 90, 89",,01/10/2010,01/04/2011,Agence Nationale de la Statistique et de la Démographie (ANSD),392,7902,All Women,15688,15,49,All Men,4929,15,59,
SN2012DHS,SN,SN,SEN,2012,DHS,Completed,Senegal,2012-13,423,1,Sub-Saharan Africa,Western Africa,01/07/2013,01/10/2013,"14, 70, 10, 31, 20, 22, 13, 5, 4, 3, 32, 26, 57, 8, 17, 34, 41, 79, 90, 89",,01/09/2012,01/06/2013,National Agency of Statistics and Demography (Agence Nationale de la Statistique et la Démographie- ANSD),200,4175,All Women,8636,15,49,,,,,
SN2014DHS,SN,SN,SEN,2014,DHS,Completed,Senegal,2014,457,1,Sub-Saharan Africa,Western Africa,01/03/2015,31/03/2015,"22, 90, 89, 14, 15, 41, 10, 31, 57, 8, 20, 17, 34, 13, 5, 4, 3, 32, 85, 70, 26, 11, 79",The zip files each include two datasets: SNxx70xx.xxx for the 2014 survey alone. SNxx6Rxx.xxx for the combined 2012-13/2014 surveys used to produce subnational regional results. Individual questionnaire data for men were only collected in the 2014 survey.,01/01/2014,01/10/2014,National Agency of Statistics and Demography (Agence Nationale de la Statistique et la Démographie- ANSD),200,4231,All Women,8488,15,49,All Men,3371,15,59,
SL2008DHS,SL,SL,SLE,2008,DHS,Completed,Sierra Leone,2008,324,1,Sub-Saharan Africa,Western Africa,01/07/2009,14/12/2009,"24, 21, 23, 31, 20, 17, 36, 3, 5, 26, 8, 34, 79, 14, 57, 69, 15, 41, 10, 4, 1, 22, 33, 11",,01/04/2008,01/06/2008,Statistics Sierra Leone,353,7284,All Women,7374,15,49,All Men,3280,15,59,
SL2013DHS,SL,SL,SLE,2013,DHS,Completed,Sierra Leone,2013,450,1,Sub-Saharan Africa,Western Africa,01/07/2014,30/09/2014,"79, 59, 26, 34, 57, 8, 11, 20, 3, 4, 6, 22, 15, 41, 10, 31, 5, 23, 33, 24, 21, 13, 69, 39, 1",,01/06/2013,01/10/2013,Statistics Sierra Leone (SSL),435,12629,All Women,16658,15,49,All Men,7262,15,59,
ZA1998DHS,ZA,ZA,ZAF,1998,DHS,Completed,South Africa,1998,113,1,Sub-Saharan Africa,Southern Africa,01/04/2002,01/04/2002,"1, 6, 10, 43, 45, 33, 68, 24, 21, 20, 34, 36, 3, 30, 74, 79",,01/01/1998,01/09/1998,Department of Health/Medical Research Council,966,12247,All Women,11735,15,49,,,,,
LK1987DHS,LK,LK,LKA,1987,DHS,Completed,Sri Lanka,1987,19,1,South & Southeast Asia,South Asia,01/05/1988,01/05/1988,10,,01/01/1987,01/03/1987,Department of Census and Statistics /Ministry of Plan Implementation,,7669,Ever Married Women,5865,15,49,,,,,
SD1990DHS,SD,SD,SDN,1990,DHS,Completed,Sudan,1989-90,29,1,Sub-Saharan Africa,Eastern Africa,01/05/1991,01/05/1991,"1, 4, 60, 79, 20, 17",,01/11/1989,01/05/1990,"Department of Statistics, Ministry of Finance and Economic Planning",,6891,Ever Married Women,5860,15,49,,,,,
SZ2006DHS,SZ,SZ,SWZ,2006,DHS,Completed,Swaziland,2006-07,259,1,Sub-Saharan Africa,Southern Africa,01/05/2008,10/06/2008,"81, 33, 36, 53, 79, 69, 41, 24, 21, 23, 15, 10, 31, 22, 26, 14, 11, 20, 17, 13, 5, 1, 3, 88, 34, 57, 37, 59, 4",,01/07/2006,01/02/2007,Central Statistical Office,275,4843,All Women,4987,15,49,All Men,4156,15,49,
TJ2012DHS,TJ,TJ,TJK,2012,DHS,Completed,Tajikistan,2012,384,1,Central Asia,Central Asia,01/11/2013,20/11/2013,"31, 16, 24, 10, 6, 26, 21, 32, 75, 14, 20, 22, 34, 36, 13, 3, 68, 76, 30, 33, 79",,01/07/2012,01/09/2012,Statistical Agency under President of the Republic of Tajikistan,354,6432,All Women,9656,15,49,,,,,
TZ1992DHS,TZ,TZ,TZA,1992,DHS,Completed,Tanzania,1991-92,41,1,Sub-Saharan Africa,Eastern Africa,01/06/1993,01/06/1993,"2, 10, 11, 21",,01/10/1991,01/03/1992,"Bureau of Statistics, Planning Commission",,8327,All Women,9238,15,49,All Men,2114,15,60,357
TZ1996DHS,TZ,TZ,TZA,1996,DHS,Completed,Tanzania,1996,82,1,Sub-Saharan Africa,Eastern Africa,01/08/1997,01/08/1997,"1, 4, 10, 11, 21, 24, 26, 3",,01/07/1996,01/11/1996,"Bureau of Statistics, Planning Commission",355,7969,All Women,8120,15,49,All Men,2256,15,59,
TZ1999DHS,TZ,TZ,TZA,1999,DHS,Completed,Tanzania,1999,167,1,Sub-Saharan Africa,Eastern Africa,01/11/2000,01/11/2000,"31, 32, 10, 14, 11, 5, 8, 24, 21, 26, 20, 17",,01/09/1999,01/11/1999,Nat. Bureau of Statistics,250,3615,All Women,4029,15,49,All Men,3542,15,59,
TZ2003AIS,TZ,TZ,TZA,2003,AIS,Completed,Tanzania,2003-04,234,1,Sub-Saharan Africa,Eastern Africa,01/03/2005,01/03/2005,"53, 59, 24, 23, 4, 79, 26, 33, 21, 11",,01/12/2003,01/03/2004,National Bureau of Statistics,345,6499,All Women,6863,15,49,All Men,5659,15,49,
TZ2004DHS,TZ,TZ,TZA,2004,DHS,Completed,Tanzania,2004-05,253,1,Sub-Saharan Africa,Eastern Africa,01/12/2005,01/12/2005,"11, 57, 14, 24, 21, 15, 10, 17, 4, 1, 34, 5, 41, 31, 22, 69, 33, 8, 3, 79",,01/10/2004,01/02/2005,National Bureau of Statistics (NBS),475,9735,All Women,10329,15,49,All Men,2635,15,49,
TZ2007AIS,TZ,TZ,TZA,2007,AIS,Completed,Tanzania,2007-08,304,1,Sub-Saharan Africa,Eastern Africa,01/11/2008,05/03/2009,"24, 21, 23, 57, 26, 41, 36, 53, 37, 31, 59, 88, 11, 33, 89, 79",,01/10/2007,01/02/2008,National Bureau of Statistics (NBS),475,8497,All Women,9343,15,49,All Men,6975,15,49,
TZ2010DHS,TZ,TZ,TZA,2010,DHS,Completed,Tanzania,2010,345,1,Sub-Saharan Africa,Eastern Africa,01/04/2011,26/05/2011,"26, 15, 41, 10, 22, 39, 24, 21, 14, 57, 8, 11, 20, 34, 13, 52, 6, 4, 1, 31, 37, 69, 65, 64, 33, 3, 59, 79","Other Biomarker: Salt, Urine & Vitamin A",01/12/2009,01/05/2010,National Bureau of Statistics ,475,9623,All Women,10139,15,49,All Men,2527,15,49,
TZ2012AIS,TZ,TZ,TZA,2012,AIS,Completed,Tanzania,2011-12,393,1,Sub-Saharan Africa,Eastern Africa,01/03/2013,27/03/2013,"41, 24, 21, 23, 26, 31, 59, 3, 53, 11, 57, 8, 76, 69, 90, 89, 79",,01/12/2011,01/05/2012,National Bureau of Statistics  ,583,10040,All Women,10967,15,49,All Men,8352,15,49,
TZ2015DHS,TZ,TZ,TZA,2015,DHS,Completed,Tanzania,2015-16,485,1,Sub-Saharan Africa,Eastern Africa,01/12/2016,15/12/2016,"31, 57, 8, 14, 22, 15, 26, 59, 64, 13, 60, 79, 41, 11, 10, 38, 6, 4, 1, 78, 33, 69, 24, 21, 20, 17, 34, 3, 87, 89",The complete name of this survey is: The 2015-16 Tanzania Demographic and Health Survey and Malaria Indicator Survey (2015-16 TDHS-MIS),01/08/2015,01/02/2016,National Bureau of Statistics (NBS),608,12563,All Women,13266,15,49,All Men,3514,15,59,
TH1987DHS,TH,TH,THA,1987,DHS,Completed,Thailand,1987,13,1,South & Southeast Asia,Southeast Asia,01/05/1988,01/05/1988,"2, 10",,01/03/1987,01/06/1987,"Institute of Population Studies, Chulalongkorn University",,9045,Ever Married Women,6775,15,49,,,,,209
TL2009DHS,TL,TL,TLS,2009,DHS,Completed,Timor-Leste,2009-10,340,1,South & Southeast Asia,Southeast Asia,01/12/2010,17/12/2010,"41, 10, 31, 57, 6, 1, 11, 26, 59, 33, 13, 36, 34, 24, 21, 8, 3, 22, 79, 20, 17",,01/08/2009,01/02/2010,Research of the National Statistics Directorate of the Ministry of Finance,455,11463,All Women,13137,15,49,All Men,4076,15,49,
TG1988DHS,TG,TG,TGO,1988,DHS,Completed,Togo,1988,22,1,Sub-Saharan Africa,Western Africa,01/12/1988,01/12/1988,"2, 10, 26, 79",,01/06/1988,01/11/1988,"Unité de Recherches Démographiques, Direction de Statistiques, Direction Générale de la Santé, Office National de la Famille et de la Population",,3432,All Women,3360,15,49,,,,,106
TG1998DHS,TG,TG,TGO,1998,DHS,Completed,Togo,1998,114,1,Sub-Saharan Africa,Western Africa,01/04/1999,01/04/1999,"1, 11, 21, 24, 10, 26, 14, 3",,01/02/1998,01/05/1998,Direction de la Statistique,,7517,All Women,8569,15,49,All Men,3819,12,59,
TG2013DHS,TG,TG,TGO,2013,DHS,Completed,Togo,2013-14,328,1,Sub-Saharan Africa,Western Africa,01/01/2015,23/03/2015,"90, 89, 14, 11, 26, 41, 33, 67, 32, 57, 8, 59, 5, 1, 39, 3, 15, 10, 24, 21, 23, 6, 4, 69, 34, 20, 13, 80, 79",,01/11/2013,01/04/2014,General Directorate of Statistics and National Accounting (DGSCN),330,9549,All Women,9480,15,49,All Men,4476,15,59,
TT1987DHS,TT,TT,TTO,1987,DHS,Completed,Trinidad and Tobago,1987,18,1,Latin America & Caribbean,Caribbean,01/12/1987,01/12/1987,"10, 3",,01/05/1987,01/08/1987,Family Planning Association,178,4122,All Women,3806,15,49,,,,,
TN1988DHS,TN,TN,TUN,1988,DHS,Completed,Tunisia,1988,26,1,North Africa/West Asia/Europe,North Africa,01/10/1989,01/10/1989,"2, 10, 79",,01/06/1988,01/10/1988,Office National de la Famille et de la Population,156,5645,Ever Married Women,4184,15,49,,,,,
TR1993DHS,TR,TR,TUR,1993,DHS,Completed,Turkey,1993,60,1,North Africa/West Asia/Europe,West Asia,01/10/1994,01/10/1994,"10, 16, 22, 17, 34, 69, 74, 3",,01/08/1993,01/10/1993,Hacettepe University Inst. of Pop. Studies/Min. of Health,478,8619,Ever Married Women,6519,12,49,,,,,
TR1998DHS,TR,TR,TUR,1998,DHS,Completed,Turkey,1998,168,1,North Africa/West Asia/Europe,West Asia,01/10/1999,01/10/1999,"11, 22, 3, 16, 10, 12, 21, 60, 69",,01/08/1998,01/11/1998,"Hacettepe University, Institute of Population Studies",476,8059,Ever Married Women,8576,15,49,Husbands,1971,,,
TR2003DHS,TR,TR,TUR,2003,DHS,Completed,Turkey,2003,326,1,North Africa/West Asia/Europe,West Asia,01/10/2004,01/10/2004,"16, 10, 22, 21, 14, 20, 60, 3, 79, 69","DHS was not fully involved in this survey, but provided limited technical assistance on the review and formatting of the final report.",01/12/2003,01/05/2004,"Hacettepe University, Institute of Population Studies",,10836,Ever Married Women,8075,15,49,,,,,
TM2000DHS,TM,TM,TKM,2000,DHS,Completed,Turkmenistan,2000,179,1,Central Asia,Central Asia,01/09/2001,01/09/2001,"16, 22, 36, 41, 43, 21, 15, 10, 14, 20, 13, 6, 3, 33, 30, 68, 79, 34",,01/07/2000,01/10/2000,Maternal and Child Health Center/Ministry of Health/Medical Industry of Turkmenistan (MCH/MOH and MIT),231,6303,All Women,7919,15,49,,,,,
UG1988DHS,UG,UG,UGA,1988,DHS,Completed,Uganda,1988-89,27,1,Sub-Saharan Africa,Eastern Africa,01/10/1989,01/10/1989,"10, 20, 2",,01/09/1988,01/02/1989,Ministry of Health,206,5101,All Women,4730,15,49,,,,,161
UG1995DHS,UG,UG,UGA,1995,DHS,Completed,Uganda,1995,76,1,Sub-Saharan Africa,Eastern Africa,01/08/1996,01/08/1996,"1, 2, 10, 11, 14, 21, 24",,01/03/1995,01/08/1995,"Department of Statistics, Ministry of Finance & Economic Planning",295,7550,All Women,7070,15,49,All Men,1996,15,54,296
UG2000DHS,UG,UG,UGA,2000,DHS,Completed,Uganda,2000-01,169,1,Sub-Saharan Africa,Eastern Africa,01/12/2001,01/12/2001,"1, 5, 8, 10, 11, 14, 15, 21, 24, 36, 3, 38, 22, 41, 52, 31, 13, 26, 33, 32",,01/09/2000,01/03/2001,Uganda Bureau of Stat. (formerly Dept. of Stat.),298,7885,All Women,7246,15,49,All Men,1962,15,54,
UG2004AIS,UG,UG,UGA,2004,AIS,Completed,Uganda,2004-05,224,1,Sub-Saharan Africa,Eastern Africa,01/03/2006,01/03/2006,"24, 31, 53, 54, 59, 36, 47, 40, 21, 11, 33, 37, 23, 81",,01/08/2004,01/01/2005,Ministry of Health,417,9529,All Women,10826,15,59,All Men,8830,15,59,
UG2006DHS,UG,UG,UGA,2006,DHS,Completed,Uganda,2006,266,1,Sub-Saharan Africa,Eastern Africa,01/08/2007,01/08/2007,"41, 36, 37, 57, 34, 3, 52, 79, 24, 21, 15, 10, 31, 22, 26, 14, 11, 20, 13, 6, 1, 88, 39, 33, 8, 59, 17, 4, 85",,01/05/2006,01/10/2006,Uganda Bureau of Statistics,368,8870,All Women,8531,15,49,All Men,2503,15,54,
UG2009MIS,UG,UG,UGA,2009,MIS,Completed,Uganda,2009,332,1,Sub-Saharan Africa,Eastern Africa,01/08/2010,16/11/2010,"8, 41, 26, 57, 79, 90, 89",,01/11/2009,01/01/2010,"Uganda Bureau of Statistics (UBOS), the Uganda Malaria Surveillance Project Molecular Laboratory at Mulago Hospital, and the National Malaria Control Programme of the Uganda Ministry of Health",170,4421,All Women,4134,15,49,,,,,
UG2011DHS,UG,UG,UGA,2011,DHS,Completed,Uganda,2011,399,1,Sub-Saharan Africa,Eastern Africa,01/08/2012,05/10/2012,"41, 14, 52, 59, 22, 17, 34, 3, 31, 24, 21, 57, 8, 11, 20, 13, 6, 1, 69, 26, 33, 10, 32, 39, 4, 85, 78, 79, 88",,01/06/2011,01/12/2011,Uganda Bureau of Statistics (UBOS),400,9033,All Women,8674,15,49,All Men,2295,15,54,
UG2011AIS,UG,UG,UGA,2011,AIS,Completed,Uganda,2011,373,1,Sub-Saharan Africa,Eastern Africa,01/08/2012,18/09/2012,"81, 83, 33, 11, 40, 3, 26, 31, 24, 21, 59, 88, 23, 70, 79",UGOD6A*.ZIP are data from the Field Rapid HIV Test.,01/02/2011,01/09/2011,Ministry of Health,470,11340,All Women,12153,15,59,All Men,9588,15,59,
UG2014MIS,UG,UG,UGA,2014,MIS,Completed,Uganda,2014-15,484,1,Sub-Saharan Africa,Eastern Africa,01/10/2015,06/11/2015,"90, 89, 57, 8, 79, 26, 41",,01/12/2014,01/01/2015,The Uganda Bureau of Statistics (UBOS) ,210,5345,All Women,5322,15,49,,,,,
UA1999RHS,UA,UA,UKR,1999,RHS,Completed,Ukraine,1999,414,1,North Africa/West Asia/Europe,Eastern Europe,,,,CDC-RHS survey,01/06/1999,01/10/1999,,,,,,,,,,,,
UA2007DHS,UA,UA,UKR,2007,DHS,Completed,Ukraine,2007,280,1,North Africa/West Asia/Europe,Eastern Europe,01/09/2008,12/11/2008,"59, 16, 21, 33, 36, 6, 22, 17, 20, 35, 34, 24, 79, 11, 30, 3, 43",,01/07/2007,01/11/2007,Ukranian Center for Social Reforms (UCSR) in close collaboration with the Ukranian State Statistics Committee (USSC),500,13379,All Women,6841,15,49,All Men,3178,15,49,
UZ1996DHS,UZ,UZ,UZB,1996,DHS,Completed,Uzbekistan,1996,94,1,Central Asia,Central Asia,01/09/1997,01/09/1997,"10, 15, 16, 30, 41",,01/06/1996,01/10/1996,Institute of Obstetrics & Gynecology/Ministry of Health (MOH),168,3703,All Women,4415,15,49,,,,,
VN1997DHS,VN,VN,VNM,1997,DHS,Completed,Vietnam,1997,100,1,South & Southeast Asia,Southeast Asia,12/03/1999,12/03/1999,"14, 24, 20, 30, 16, 17, 21, 22, 2, 3",,01/07/1997,01/10/1997,National Committee for Population and Family Planning,205,7001,Ever Married Women,5664,15,49,,,,,
VN2002DHS,VN,VN,VNM,2002,DHS,Completed,Vietnam,2002,209,1,South & Southeast Asia,Southeast Asia,01/09/2003,01/09/2003,"16, 14, 24, 21, 22, 17, 3, 30, 2",,01/10/2002,01/12/2002,General Statistical Office,205,7048,Ever Married Women,5665,15,49,,,,,205
VN2005AIS,VN,VN,VNM,2005,AIS,Completed,Vietnam,2005,261,1,South & Southeast Asia,Southeast Asia,01/05/2006,01/05/2006,"24, 21, 23, 31, 11, 53, 57, 33, 3, 88, 79",,01/09/2005,01/12/2005,"General Statistical Office (GSO), National Institute for Hygience and Epidemiology",251,6337,All Women,7289,15,49,All Men,6707,15,49,
YE1991DHS,YE,YE,YEM,1991,DHS,Completed,Yemen,1991-92,36,1,North Africa/West Asia/Europe,West Asia,01/03/1994,01/03/1994,"4, 20, 10, 61, 79, 17",,01/11/1991,01/01/1992,Central Statistical Organization,258,12836,Ever Married Women,5687,15,49,,,,,
YE1997DHS,YE,YE,YEM,1997,DHS,Completed,Yemen,1997,103,1,North Africa/West Asia/Europe,West Asia,01/11/1998,01/11/1998,"1, 4, 14, 20, 17, 34, 61, 3, 10, 79",,01/10/1997,01/12/1997,Central Statistical Organization,475,10701,Ever Married Women,10414,15,49,,,,,
YE2013DHS,YE,YE,YEM,2013,DHS,Completed,Yemen,2013,358,1,North Africa/West Asia/Europe,West Asia,01/07/2015,13/07/2015,"4, 1, 15, 41, 21, 69, 79, 6, 86, 13, 5, 74, 10, 31, 67, 14, 34, 39, 20, 22, 3, 26, 85",,01/09/2013,01/11/2013,Ministry of Public Health and Population (MoPHP) ,800,17351,All Women,25434,15,49,,,,,
ZM1992DHS,ZM,ZM,ZMB,1992,DHS,Completed,Zambia,1992,51,1,Sub-Saharan Africa,Eastern Africa,01/03/1993,01/03/1993,"10, 17, 21, 20",,01/01/1992,01/05/1992,University of Zambia,262,6209,All Women,7060,15,49,,,,,
ZM1996DHS,ZM,ZM,ZMB,1996,DHS,Completed,Zambia,1996,90,1,Sub-Saharan Africa,Eastern Africa,01/09/1997,01/09/1997,"1, 10, 11, 14, 21, 24, 20, 17, 3",,01/07/1996,01/01/1997,Central Statistical Office,312,7286,All Women,8021,15,49,All Men,1849,15,59,
ZM2002DHS,ZM,ZM,ZMB,2002,DHS,Completed,Zambia,2001-02,206,1,Sub-Saharan Africa,Eastern Africa,01/02/2003,01/02/2003,"24, 26, 57, 3, 33, 34, 13, 21, 11, 17, 6, 1, 40, 79, 23, 10, 14, 8, 20, 32",GPS dataset is incomplete. There is no possibility of linking the HIV Test data to the survey data.,01/11/2001,01/05/2002,Central Statistical Office,320,7126,All Women,7658,15,49,All Men,2145,15,59,
ZM2007DHS,ZM,ZM,ZMB,2007,DHS,Completed,Zambia,2007,278,1,Sub-Saharan Africa,Eastern Africa,01/03/2009,26/03/2009,"24, 21, 23, 33, 10, 31, 22, 26, 11, 37, 6, 36, 40, 57, 1, 3, 34, 8, 20, 17, 69, 79, 88, 59","Although testing salt for iodine appears in the household questionnare, it was not implemented.",01/04/2007,01/10/2007,Central Statistical Office,320,7164,All Women,7146,15,49,All Men,6500,15,59,
ZM2013DHS,ZM,ZM,ZMB,2013,DHS,Completed,Zambia,2013-14,406,1,Sub-Saharan Africa,Eastern Africa,01/03/2015,31/03/2015,"83, 10, 11, 6, 79, 33, 31, 39, 24, 21, 14, 57, 8, 59, 20, 22, 17, 34, 36, 13, 1, 60, 3, 69, 26, 23, 82",The HIV Test Data includes: CD4 Cell Count Testing,01/08/2013,01/04/2014,The Central Statistics Office (CSO),722,15920,All Women,16411,15,49,All Men,14773,15,59,
ZW1988DHS,ZW,ZW,ZWE,1988,DHS,Completed,Zimbabwe,1988,21,1,Sub-Saharan Africa,Eastern Africa,01/12/1989,01/12/1989,"10, 24, 17, 20, 2, 21, 3, 79",,01/09/1988,01/01/1989,Central Statistical Office,167,4107,All Women,4201,15,49,,,,,
ZW1994DHS,ZW,ZW,ZWE,1994,DHS,Completed,Zimbabwe,1994,64,1,Sub-Saharan Africa,Eastern Africa,01/09/1995,01/09/1995,"1, 2, 10, 11, 21, 22, 24, 60, 17, 3, 20",,01/07/1994,01/11/1994,Central Statistical Office,395,5984,All Women,6128,15,49,All Men,2141,15,54,230
ZW1999DHS,ZW,ZW,ZWE,1999,DHS,Completed,Zimbabwe,1999,184,1,Sub-Saharan Africa,Eastern Africa,31/12/2000,31/12/2000,"1, 11, 21, 22, 24, 31, 33, 20, 79, 26, 34, 3, 10, 32, 13","Although testing salt for iodine and anemia testing appear in household questionnare, they were not implemented.",01/09/1999,01/12/1999,Central Statistical Office,230,6369,All Women,5907,15,49,All Men,2609,15,54,
ZW2005DHS,ZW,ZW,ZWE,2005,DHS,Completed,Zimbabwe,2005-06,260,1,Sub-Saharan Africa,Eastern Africa,01/03/2007,01/03/2007,"8, 32, 24, 21, 23, 15, 10, 22, 26, 11, 6, 1, 3, 36, 31, 57, 37, 20, 34, 59, 79, 69, 41, 88, 33",,01/08/2005,01/02/2006,Central Statistical Office,400,9285,All Women,8907,15,49,All Men,7175,15,54,
ZW2010DHS,ZW,ZW,ZWE,2010,DHS,Completed,Zimbabwe,2010-11,367,1,Sub-Saharan Africa,Eastern Africa,01/03/2012,05/04/2012,"33, 17, 3, 79, 69, 24, 21, 23, 41, 10, 31, 22, 32, 26, 14, 57, 8, 59, 11, 20, 34, 13, 6, 1, 70",,01/09/2010,01/03/2011,Central Statistical Office,406,9756,All Women,9171,15,49,All Men,7480,15,54,
ZW2015DHS,ZW,ZW,ZWE,2015,DHS,Completed,Zimbabwe,2015,475,1,Sub-Saharan Africa,Eastern Africa,01/11/2016,13/12/2016,"81, 15, 24, 21, 91, 22, 41, 10, 6, 1, 70, 11, 79, 31, 32, 14, 57, 8, 33, 76, 26, 69, 59, 34, 13, 60, 3, 23","The HIV Test data contain results for children 0-5 years, minors aged 6-14 years, and adult men and women. For the children and minors, the household weight (HV005) is used for analysis, and for adult men and women, the HIV weight (HIV05) is used.",01/07/2015,01/12/2015,"Zimbabwe National Statistics Agency (ZIMSTAT), National Microbiology Reference Laboratory (NMRL) for the HIV component",400,10534,All Women,9955,15,49,All Men,8396,15,54,
,BR,BR,BRA,1991,,,,,40,,,,,,,,,,,,,,,,,,,,,
,DR,DO,DOM,2007,,,,,331,,,,,,,,,,,,,,,,,,,,,
,DR,DO,DOM,2013,,,,,490,,,,,,,,,,,,,,,,,,,,,
,,IN,IND,2015,DHS,,,,355,,,,,,,,,,,,,,,,,,,,,
